Country,Year,TB_Incidence
Afghanistan,2024,203.0
Afghanistan,2023,204.0
Afghanistan,2022,206.0
Afghanistan,2021,206.0
Afghanistan,2020,205.0
Afghanistan,2019,213.0
Afghanistan,2018,212.0
Afghanistan,2017,209.0
Afghanistan,2016,204.0
Afghanistan,2015,200.0
Afghanistan,2014,197.0
Afghanistan,2013,194.0
Afghanistan,2012,194.0
Afghanistan,2011,204.0
Afghanistan,2010,218.0
Afghanistan,2009,229.0
Afghanistan,2008,235.0
Afghanistan,2007,241.0
Afghanistan,2006,242.0
Afghanistan,2005,237.0
Afghanistan,2004,228.0
Afghanistan,2003,215.0
Afghanistan,2002,197.0
Afghanistan,2001,175.0
Afghanistan,2000,148.0
Albania,2024,15.0
Albania,2023,15.0
Albania,2022,15.0
Albania,2021,15.0
Albania,2020,15.0
Albania,2019,16.0
Albania,2018,17.0
Albania,2017,20.0
Albania,2016,16.0
Albania,2015,16.0
Albania,2014,16.0
Albania,2013,18.0
Albania,2012,16.0
Albania,2011,16.0
Albania,2010,17.0
Albania,2009,17.0
Albania,2008,16.0
Albania,2007,16.0
Albania,2006,17.0
Albania,2005,19.0
Albania,2004,20.0
Albania,2003,20.0
Albania,2002,21.0
Albania,2001,20.0
Albania,2000,21.0
Algeria,2024,54.0
Algeria,2023,55.0
Algeria,2022,55.0
Algeria,2021,57.0
Algeria,2020,52.0
Algeria,2019,65.0
Algeria,2018,74.0
Algeria,2017,75.0
Algeria,2016,76.0
Algeria,2015,81.0
Algeria,2014,80.0
Algeria,2013,77.0
Algeria,2012,85.0
Algeria,2011,87.0
Algeria,2010,95.0
Algeria,2009,96.0
Algeria,2008,95.0
Algeria,2007,104.0
Algeria,2006,107.0
Algeria,2005,113.0
Algeria,2004,109.0
Algeria,2003,112.0
Algeria,2002,112.0
Algeria,2001,111.0
Algeria,2000,118.0
American Samoa,2024,3.7
American Samoa,2023,3.9
American Samoa,2022,4.2
American Samoa,2021,4.4
American Samoa,2020,6.0
American Samoa,2019,2.0
American Samoa,2018,0.0
American Samoa,2017,9.7
American Samoa,2016,5.6
American Samoa,2015,7.6
American Samoa,2014,5.9
American Samoa,2013,6.1
American Samoa,2012,6.2
American Samoa,2011,5.5
American Samoa,2010,7.2
American Samoa,2009,7.2
American Samoa,2008,5.4
American Samoa,2007,5.3
American Samoa,2006,7.1
American Samoa,2005,11.0
American Samoa,2004,8.8
American Samoa,2003,5.3
American Samoa,2002,3.5
American Samoa,2001,5.3
American Samoa,2000,5.3
Andorra,2024,4.9
Andorra,2023,4.9
Andorra,2022,5.0
Andorra,2021,2.6
Andorra,2020,2.6
Andorra,2019,6.5
Andorra,2018,2.7
Andorra,2017,1.4
Andorra,2016,5.5
Andorra,2015,5.5
Andorra,2014,8.1
Andorra,2013,6.6
Andorra,2012,12.0
Andorra,2011,3.9
Andorra,2010,8.7
Andorra,2009,9.5
Andorra,2008,4.8
Andorra,2007,6.1
Andorra,2006,15.0
Andorra,2005,13.0
Andorra,2004,9.4
Andorra,2003,16.0
Andorra,2002,7.5
Andorra,2001,15.0
Andorra,2000,18.0
Angola,2024,373.0
Angola,2023,383.0
Angola,2022,379.0
Angola,2021,371.0
Angola,2020,373.0
Angola,2019,390.0
Angola,2018,403.0
Angola,2017,418.0
Angola,2016,433.0
Angola,2015,445.0
Angola,2014,451.0
Angola,2013,453.0
Angola,2012,458.0
Angola,2011,469.0
Angola,2010,480.0
Angola,2009,489.0
Angola,2008,499.0
Angola,2007,509.0
Angola,2006,507.0
Angola,2005,491.0
Angola,2004,468.0
Angola,2003,434.0
Angola,2002,390.0
Angola,2001,336.0
Angola,2000,270.0
Antigua and Barbuda,2024,1.1
Antigua and Barbuda,2023,1.1
Antigua and Barbuda,2022,1.1
Antigua and Barbuda,2021,4.3
Antigua and Barbuda,2020,2.2
Antigua and Barbuda,2019,0.0
Antigua and Barbuda,2018,5.5
Antigua and Barbuda,2017,1.1
Antigua and Barbuda,2016,3.3
Antigua and Barbuda,2015,3.8
Antigua and Barbuda,2014,3.4
Antigua and Barbuda,2013,11.0
Antigua and Barbuda,2012,3.4
Antigua and Barbuda,2011,7.0
Antigua and Barbuda,2010,8.2
Antigua and Barbuda,2009,3.6
Antigua and Barbuda,2008,1.2
Antigua and Barbuda,2007,2.4
Antigua and Barbuda,2006,5.0
Antigua and Barbuda,2005,7.5
Antigua and Barbuda,2004,4.6
Antigua and Barbuda,2003,1.3
Antigua and Barbuda,2002,5.2
Antigua and Barbuda,2001,1.3
Antigua and Barbuda,2000,5.3
Argentina,2024,44.0
Argentina,2023,39.0
Argentina,2022,35.0
Argentina,2021,34.0
Argentina,2020,27.0
Argentina,2019,33.0
Argentina,2018,30.0
Argentina,2017,29.0
Argentina,2016,30.0
Argentina,2015,28.0
Argentina,2014,27.0
Argentina,2013,27.0
Argentina,2012,27.0
Argentina,2011,31.0
Argentina,2010,24.0
Argentina,2009,25.0
Argentina,2008,31.0
Argentina,2007,35.0
Argentina,2006,34.0
Argentina,2005,38.0
Argentina,2004,42.0
Argentina,2003,41.0
Argentina,2002,45.0
Argentina,2001,46.0
Argentina,2000,49.0
Armenia,2024,19.0
Armenia,2023,21.0
Armenia,2022,24.0
Armenia,2021,26.0
Armenia,2020,29.0
Armenia,2019,31.0
Armenia,2018,37.0
Armenia,2017,43.0
Armenia,2016,54.0
Armenia,2015,63.0
Armenia,2014,73.0
Armenia,2013,79.0
Armenia,2012,70.0
Armenia,2011,75.0
Armenia,2010,86.0
Armenia,2009,98.0
Armenia,2008,108.0
Armenia,2007,114.0
Armenia,2006,124.0
Armenia,2005,161.0
Armenia,2004,125.0
Armenia,2003,120.0
Armenia,2002,116.0
Armenia,2001,116.0
Armenia,2000,115.0
Aruba,2024,8.3
Aruba,2023,3.7
Aruba,2022,4.6
Aruba,2021,5.6
Aruba,2020,0.93
Aruba,2019,1.9
Aruba,2018,4.7
Aruba,2017,7.6
Aruba,2016,7.6
Aruba,2015,5.8
Aruba,2014,1.9
Aruba,2013,11.0
Aruba,2012,28.0
Aruba,2011,7.9
Aruba,2010,6.0
Aruba,2009,8.7
Aruba,2008,8.4
Aruba,2007,8.2
Aruba,2006,7.9
Aruba,2005,7.6
Aruba,2004,7.3
Aruba,2003,7.1
Aruba,2002,6.8
Aruba,2001,6.5
Aruba,2000,6.2
Australia,2024,6.9
Australia,2023,6.2
Australia,2022,5.6
Australia,2021,6.5
Australia,2020,7.2
Australia,2019,6.8
Australia,2018,6.5
Australia,2017,6.6
Australia,2016,6.5
Australia,2015,6.0
Australia,2014,6.5
Australia,2013,6.3
Australia,2012,6.7
Australia,2011,6.6
Australia,2010,6.8
Australia,2009,7.2
Australia,2008,6.9
Australia,2007,6.5
Australia,2006,6.9
Australia,2005,6.3
Australia,2004,6.6
Australia,2003,5.9
Australia,2002,6.4
Australia,2001,6.3
Australia,2000,6.8
Austria,2024,4.9
Austria,2023,5.3
Austria,2022,4.7
Austria,2021,5.1
Austria,2020,5.1
Austria,2019,6.2
Austria,2018,6.3
Austria,2017,7.6
Austria,2016,8.4
Austria,2015,7.8
Austria,2014,7.9
Austria,2013,8.9
Austria,2012,9.0
Austria,2011,9.9
Austria,2010,9.8
Austria,2009,10.0
Austria,2008,12.0
Austria,2007,13.0
Austria,2006,13.0
Austria,2005,15.0
Austria,2004,15.0
Austria,2003,16.0
Austria,2002,18.0
Austria,2001,18.0
Austria,2000,22.0
Azerbaijan,2024,64.0
Azerbaijan,2023,66.0
Azerbaijan,2022,67.0
Azerbaijan,2021,67.0
Azerbaijan,2020,69.0
Azerbaijan,2019,73.0
Azerbaijan,2018,78.0
Azerbaijan,2017,84.0
Azerbaijan,2016,86.0
Azerbaijan,2015,95.0
Azerbaijan,2014,107.0
Azerbaijan,2013,115.0
Azerbaijan,2012,134.0
Azerbaijan,2011,206.0
Azerbaijan,2010,183.0
Azerbaijan,2009,249.0
Azerbaijan,2008,219.0
Azerbaijan,2007,175.0
Azerbaijan,2006,200.0
Azerbaijan,2005,237.0
Azerbaijan,2004,208.0
Azerbaijan,2003,145.0
Azerbaijan,2002,189.0
Azerbaijan,2001,176.0
Azerbaijan,2000,183.0
"Bahamas, The",2024,18.0
"Bahamas, The",2023,8.8
"Bahamas, The",2022,16.0
"Bahamas, The",2021,14.0
"Bahamas, The",2020,10.0
"Bahamas, The",2019,17.0
"Bahamas, The",2018,15.0
"Bahamas, The",2017,17.0
"Bahamas, The",2016,30.0
"Bahamas, The",2015,21.0
"Bahamas, The",2014,18.0
"Bahamas, The",2013,12.0
"Bahamas, The",2012,12.0
"Bahamas, The",2011,15.0
"Bahamas, The",2010,12.0
"Bahamas, The",2009,18.0
"Bahamas, The",2008,20.0
"Bahamas, The",2007,19.0
"Bahamas, The",2006,25.0
"Bahamas, The",2005,21.0
"Bahamas, The",2004,25.0
"Bahamas, The",2003,19.0
"Bahamas, The",2002,25.0
"Bahamas, The",2001,39.0
"Bahamas, The",2000,57.0
Bahrain,2024,12.0
Bahrain,2023,14.0
Bahrain,2022,16.0
Bahrain,2021,17.0
Bahrain,2020,17.0
Bahrain,2019,16.0
Bahrain,2018,14.0
Bahrain,2017,14.0
Bahrain,2016,15.0
Bahrain,2015,18.0
Bahrain,2014,21.0
Bahrain,2013,24.0
Bahrain,2012,28.0
Bahrain,2011,29.0
Bahrain,2010,32.0
Bahrain,2009,44.0
Bahrain,2008,44.0
Bahrain,2007,46.0
Bahrain,2006,47.0
Bahrain,2005,51.0
Bahrain,2004,48.0
Bahrain,2003,56.0
Bahrain,2002,45.0
Bahrain,2001,49.0
Bahrain,2000,57.0
Bangladesh,2024,221.0
Bangladesh,2023,221.0
Bangladesh,2022,221.0
Bangladesh,2021,221.0
Bangladesh,2020,221.0
Bangladesh,2019,221.0
Bangladesh,2018,221.0
Bangladesh,2017,221.0
Bangladesh,2016,221.0
Bangladesh,2015,221.0
Bangladesh,2014,221.0
Bangladesh,2013,221.0
Bangladesh,2012,221.0
Bangladesh,2011,221.0
Bangladesh,2010,221.0
Bangladesh,2009,221.0
Bangladesh,2008,221.0
Bangladesh,2007,221.0
Bangladesh,2006,221.0
Bangladesh,2005,221.0
Bangladesh,2004,221.0
Bangladesh,2003,221.0
Bangladesh,2002,221.0
Bangladesh,2001,221.0
Bangladesh,2000,221.0
Barbados,2024,1.0
Barbados,2023,0.71
Barbados,2022,1.8
Barbados,2021,0.35
Barbados,2020,2.1
Barbados,2019,0.0
Barbados,2018,0.36
Barbados,2017,0.0
Barbados,2016,1.1
Barbados,2015,0.0
Barbados,2014,1.8
Barbados,2013,1.4
Barbados,2012,1.4
Barbados,2011,0.0
Barbados,2010,2.2
Barbados,2009,0.73
Barbados,2008,1.1
Barbados,2007,5.9
Barbados,2006,1.9
Barbados,2005,3.5
Barbados,2004,7.1
Barbados,2003,3.3
Barbados,2002,1.9
Barbados,2001,2.3
Barbados,2000,1.1
Belarus,2024,17.0
Belarus,2023,19.0
Belarus,2022,22.0
Belarus,2021,24.0
Belarus,2020,26.0
Belarus,2019,29.0
Belarus,2018,31.0
Belarus,2017,38.0
Belarus,2016,45.0
Belarus,2015,54.0
Belarus,2014,56.0
Belarus,2013,67.0
Belarus,2012,73.0
Belarus,2011,73.0
Belarus,2010,81.0
Belarus,2009,87.0
Belarus,2008,88.0
Belarus,2007,97.0
Belarus,2006,97.0
Belarus,2005,105.0
Belarus,2004,111.0
Belarus,2003,124.0
Belarus,2002,110.0
Belarus,2001,121.0
Belarus,2000,153.0
Belgium,2024,2.7
Belgium,2023,2.5
Belgium,2022,7.8
Belgium,2021,8.2
Belgium,2020,7.8
Belgium,2019,8.9
Belgium,2018,9.1
Belgium,2017,9.2
Belgium,2016,10.0
Belgium,2015,9.5
Belgium,2014,9.2
Belgium,2013,9.5
Belgium,2012,9.7
Belgium,2011,10.0
Belgium,2010,11.0
Belgium,2009,10.0
Belgium,2008,11.0
Belgium,2007,11.0
Belgium,2006,12.0
Belgium,2005,13.0
Belgium,2004,14.0
Belgium,2003,13.0
Belgium,2002,15.0
Belgium,2001,17.0
Belgium,2000,17.0
Belize,2024,34.0
Belize,2023,34.0
Belize,2022,35.0
Belize,2021,35.0
Belize,2020,34.0
Belize,2019,35.0
Belize,2018,39.0
Belize,2017,47.0
Belize,2016,49.0
Belize,2015,33.0
Belize,2014,31.0
Belize,2013,55.0
Belize,2012,40.0
Belize,2011,36.0
Belize,2010,75.0
Belize,2009,48.0
Belize,2008,50.0
Belize,2007,38.0
Belize,2006,55.0
Belize,2005,70.0
Belize,2004,61.0
Belize,2003,80.0
Belize,2002,119.0
Belize,2001,131.0
Belize,2000,113.0
Benin,2024,40.0
Benin,2023,42.0
Benin,2022,44.0
Benin,2021,46.0
Benin,2020,48.0
Benin,2019,51.0
Benin,2018,53.0
Benin,2017,56.0
Benin,2016,59.0
Benin,2015,62.0
Benin,2014,66.0
Benin,2013,69.0
Benin,2012,73.0
Benin,2011,76.0
Benin,2010,79.0
Benin,2009,81.0
Benin,2008,83.0
Benin,2007,84.0
Benin,2006,84.0
Benin,2005,83.0
Benin,2004,82.0
Benin,2003,80.0
Benin,2002,78.0
Benin,2001,75.0
Benin,2000,71.0
Bermuda,2024,3.1
Bermuda,2023,3.1
Bermuda,2022,1.5
Bermuda,2021,3.1
Bermuda,2020,4.7
Bermuda,2019,3.1
Bermuda,2018,3.1
Bermuda,2017,3.1
Bermuda,2016,3.2
Bermuda,2015,0.0
Bermuda,2014,0.0
Bermuda,2013,0.0
Bermuda,2012,4.7
Bermuda,2011,1.6
Bermuda,2010,1.6
Bermuda,2009,2.5
Bermuda,2008,3.3
Bermuda,2007,4.1
Bermuda,2006,4.8
Bermuda,2005,6.9
Bermuda,2004,9.6
Bermuda,2003,4.7
Bermuda,2002,0.0
Bermuda,2001,0.0
Bermuda,2000,0.0
Bhutan,2024,191.0
Bhutan,2023,179.0
Bhutan,2022,171.0
Bhutan,2021,185.0
Bhutan,2020,201.0
Bhutan,2019,226.0
Bhutan,2018,213.0
Bhutan,2017,216.0
Bhutan,2016,298.0
Bhutan,2015,264.0
Bhutan,2014,307.0
Bhutan,2013,328.0
Bhutan,2012,363.0
Bhutan,2011,421.0
Bhutan,2010,474.0
Bhutan,2009,432.0
Bhutan,2008,393.0
Bhutan,2007,436.0
Bhutan,2006,429.0
Bhutan,2005,508.0
Bhutan,2004,512.0
Bhutan,2003,547.0
Bhutan,2002,598.0
Bhutan,2001,587.0
Bhutan,2000,667.0
Bolivia,2024,114.0
Bolivia,2023,105.0
Bolivia,2022,99.0
Bolivia,2021,96.0
Bolivia,2020,94.0
Bolivia,2019,95.0
Bolivia,2018,98.0
Bolivia,2017,104.0
Bolivia,2016,113.0
Bolivia,2015,123.0
Bolivia,2014,134.0
Bolivia,2013,147.0
Bolivia,2012,161.0
Bolivia,2011,177.0
Bolivia,2010,195.0
Bolivia,2009,214.0
Bolivia,2008,235.0
Bolivia,2007,257.0
Bolivia,2006,279.0
Bolivia,2005,300.0
Bolivia,2004,321.0
Bolivia,2003,342.0
Bolivia,2002,362.0
Bolivia,2001,382.0
Bolivia,2000,402.0
Bosnia and Herzegovina,2024,21.0
Bosnia and Herzegovina,2023,20.0
Bosnia and Herzegovina,2022,21.0
Bosnia and Herzegovina,2021,23.0
Bosnia and Herzegovina,2020,25.0
Bosnia and Herzegovina,2019,25.0
Bosnia and Herzegovina,2018,28.0
Bosnia and Herzegovina,2017,32.0
Bosnia and Herzegovina,2016,38.0
Bosnia and Herzegovina,2015,46.0
Bosnia and Herzegovina,2014,51.0
Bosnia and Herzegovina,2013,54.0
Bosnia and Herzegovina,2012,61.0
Bosnia and Herzegovina,2011,59.0
Bosnia and Herzegovina,2010,57.0
Bosnia and Herzegovina,2009,74.0
Bosnia and Herzegovina,2008,73.0
Bosnia and Herzegovina,2007,99.0
Bosnia and Herzegovina,2006,73.0
Bosnia and Herzegovina,2005,87.0
Bosnia and Herzegovina,2004,103.0
Bosnia and Herzegovina,2003,84.0
Bosnia and Herzegovina,2002,87.0
Bosnia and Herzegovina,2001,141.0
Bosnia and Herzegovina,2000,158.0
Botswana,2024,143.0
Botswana,2023,175.0
Botswana,2022,208.0
Botswana,2021,241.0
Botswana,2020,274.0
Botswana,2019,306.0
Botswana,2018,339.0
Botswana,2017,372.0
Botswana,2016,405.0
Botswana,2015,437.0
Botswana,2014,470.0
Botswana,2013,503.0
Botswana,2012,536.0
Botswana,2011,568.0
Botswana,2010,601.0
Botswana,2009,639.0
Botswana,2008,676.0
Botswana,2007,714.0
Botswana,2006,751.0
Botswana,2005,788.0
Botswana,2004,826.0
Botswana,2003,863.0
Botswana,2002,901.0
Botswana,2001,938.0
Botswana,2000,976.0
Brazil,2024,49.0
Brazil,2023,49.0
Brazil,2022,49.0
Brazil,2021,47.0
Brazil,2020,45.0
Brazil,2019,45.0
Brazil,2018,45.0
Brazil,2017,43.0
Brazil,2016,41.0
Brazil,2015,41.0
Brazil,2014,41.0
Brazil,2013,42.0
Brazil,2012,42.0
Brazil,2011,42.0
Brazil,2010,42.0
Brazil,2009,43.0
Brazil,2008,44.0
Brazil,2007,44.0
Brazil,2006,44.0
Brazil,2005,48.0
Brazil,2004,52.0
Brazil,2003,51.0
Brazil,2002,50.0
Brazil,2001,46.0
Brazil,2000,49.0
British Virgin Islands,2024,0.0
British Virgin Islands,2023,0.0
British Virgin Islands,2022,0.58
British Virgin Islands,2021,1.2
British Virgin Islands,2020,1.7
British Virgin Islands,2019,2.3
British Virgin Islands,2018,2.9
British Virgin Islands,2017,1.4
British Virgin Islands,2016,0.0
British Virgin Islands,2015,0.0
British Virgin Islands,2014,0.0
British Virgin Islands,2013,3.2
British Virgin Islands,2012,0.0
British Virgin Islands,2011,0.0
British Virgin Islands,2010,3.6
British Virgin Islands,2009,2.4
British Virgin Islands,2008,1.2
British Virgin Islands,2007,0.0
British Virgin Islands,2006,0.0
British Virgin Islands,2005,0.0
British Virgin Islands,2004,8.7
British Virgin Islands,2003,4.5
British Virgin Islands,2002,4.7
British Virgin Islands,2001,4.8
British Virgin Islands,2000,4.9
Brunei Darussalam,2024,65.0
Brunei Darussalam,2023,72.0
Brunei Darussalam,2022,63.0
Brunei Darussalam,2021,66.0
Brunei Darussalam,2020,90.0
Brunei Darussalam,2019,71.0
Brunei Darussalam,2018,75.0
Brunei Darussalam,2017,71.0
Brunei Darussalam,2016,75.0
Brunei Darussalam,2015,69.0
Brunei Darussalam,2014,66.0
Brunei Darussalam,2013,73.0
Brunei Darussalam,2012,86.0
Brunei Darussalam,2011,84.0
Brunei Darussalam,2010,90.0
Brunei Darussalam,2009,84.0
Brunei Darussalam,2008,92.0
Brunei Darussalam,2007,90.0
Brunei Darussalam,2006,91.0
Brunei Darussalam,2005,77.0
Brunei Darussalam,2004,94.0
Brunei Darussalam,2003,116.0
Brunei Darussalam,2002,140.0
Brunei Darussalam,2001,146.0
Brunei Darussalam,2000,231.0
Bulgaria,2024,12.0
Bulgaria,2023,17.0
Bulgaria,2022,15.0
Bulgaria,2021,13.0
Bulgaria,2020,17.0
Bulgaria,2019,25.0
Bulgaria,2018,25.0
Bulgaria,2017,28.0
Bulgaria,2016,31.0
Bulgaria,2015,33.0
Bulgaria,2014,38.0
Bulgaria,2013,41.0
Bulgaria,2012,44.0
Bulgaria,2011,47.0
Bulgaria,2010,53.0
Bulgaria,2009,59.0
Bulgaria,2008,66.0
Bulgaria,2007,64.0
Bulgaria,2006,72.0
Bulgaria,2005,75.0
Bulgaria,2004,71.0
Bulgaria,2003,77.0
Bulgaria,2002,80.0
Bulgaria,2001,94.0
Bulgaria,2000,83.0
Burkina Faso,2024,57.0
Burkina Faso,2023,58.0
Burkina Faso,2022,59.0
Burkina Faso,2021,61.0
Burkina Faso,2020,62.0
Burkina Faso,2019,63.0
Burkina Faso,2018,64.0
Burkina Faso,2017,66.0
Burkina Faso,2016,67.0
Burkina Faso,2015,68.0
Burkina Faso,2014,70.0
Burkina Faso,2013,71.0
Burkina Faso,2012,73.0
Burkina Faso,2011,74.0
Burkina Faso,2010,76.0
Burkina Faso,2009,77.0
Burkina Faso,2008,79.0
Burkina Faso,2007,80.0
Burkina Faso,2006,82.0
Burkina Faso,2005,84.0
Burkina Faso,2004,85.0
Burkina Faso,2003,87.0
Burkina Faso,2002,89.0
Burkina Faso,2001,91.0
Burkina Faso,2000,93.0
Burundi,2024,83.0
Burundi,2023,86.0
Burundi,2022,89.0
Burundi,2021,93.0
Burundi,2020,97.0
Burundi,2019,102.0
Burundi,2018,106.0
Burundi,2017,112.0
Burundi,2016,118.0
Burundi,2015,124.0
Burundi,2014,130.0
Burundi,2013,136.0
Burundi,2012,142.0
Burundi,2011,148.0
Burundi,2010,154.0
Burundi,2009,160.0
Burundi,2008,168.0
Burundi,2007,175.0
Burundi,2006,182.0
Burundi,2005,188.0
Burundi,2004,194.0
Burundi,2003,200.0
Burundi,2002,205.0
Burundi,2001,209.0
Burundi,2000,213.0
Cabo Verde,2024,47.0
Cabo Verde,2023,53.0
Cabo Verde,2022,39.0
Cabo Verde,2021,49.0
Cabo Verde,2020,57.0
Cabo Verde,2019,57.0
Cabo Verde,2018,56.0
Cabo Verde,2017,70.0
Cabo Verde,2016,70.0
Cabo Verde,2015,78.0
Cabo Verde,2014,81.0
Cabo Verde,2013,92.0
Cabo Verde,2012,131.0
Cabo Verde,2011,121.0
Cabo Verde,2010,117.0
Cabo Verde,2009,114.0
Cabo Verde,2008,121.0
Cabo Verde,2007,105.0
Cabo Verde,2006,106.0
Cabo Verde,2005,126.0
Cabo Verde,2004,135.0
Cabo Verde,2003,156.0
Cabo Verde,2002,104.0
Cabo Verde,2001,168.0
Cabo Verde,2000,176.0
Cambodia,2024,272.0
Cambodia,2023,276.0
Cambodia,2022,277.0
Cambodia,2021,279.0
Cambodia,2020,285.0
Cambodia,2019,293.0
Cambodia,2018,303.0
Cambodia,2017,313.0
Cambodia,2016,326.0
Cambodia,2015,339.0
Cambodia,2014,355.0
Cambodia,2013,373.0
Cambodia,2012,393.0
Cambodia,2011,416.0
Cambodia,2010,442.0
Cambodia,2009,473.0
Cambodia,2008,509.0
Cambodia,2007,549.0
Cambodia,2006,593.0
Cambodia,2005,640.0
Cambodia,2004,683.0
Cambodia,2003,728.0
Cambodia,2002,773.0
Cambodia,2001,815.0
Cambodia,2000,853.0
Cameroon,2024,132.0
Cameroon,2023,137.0
Cameroon,2022,143.0
Cameroon,2021,150.0
Cameroon,2020,158.0
Cameroon,2019,168.0
Cameroon,2018,177.0
Cameroon,2017,189.0
Cameroon,2016,202.0
Cameroon,2015,214.0
Cameroon,2014,226.0
Cameroon,2013,238.0
Cameroon,2012,248.0
Cameroon,2011,259.0
Cameroon,2010,271.0
Cameroon,2009,278.0
Cameroon,2008,280.0
Cameroon,2007,279.0
Cameroon,2006,271.0
Cameroon,2005,255.0
Cameroon,2004,234.0
Cameroon,2003,206.0
Cameroon,2002,172.0
Cameroon,2001,131.0
Cameroon,2000,84.0
Canada,2024,6.2
Canada,2023,6.2
Canada,2022,5.6
Canada,2021,5.4
Canada,2020,5.1
Canada,2019,5.6
Canada,2018,5.3
Canada,2017,5.4
Canada,2016,5.3
Canada,2015,5.1
Canada,2014,5.0
Canada,2013,5.4
Canada,2012,5.6
Canada,2011,5.0
Canada,2010,4.9
Canada,2009,5.7
Canada,2008,5.9
Canada,2007,5.8
Canada,2006,6.0
Canada,2005,6.3
Canada,2004,6.4
Canada,2003,6.9
Canada,2002,7.3
Canada,2001,8.0
Canada,2000,8.0
Cayman Islands,2024,4.9
Cayman Islands,2023,4.1
Cayman Islands,2022,8.4
Cayman Islands,2021,2.9
Cayman Islands,2020,2.9
Cayman Islands,2019,5.9
Cayman Islands,2018,4.5
Cayman Islands,2017,6.2
Cayman Islands,2016,4.8
Cayman Islands,2015,11.0
Cayman Islands,2014,0.0
Cayman Islands,2013,8.5
Cayman Islands,2012,11.0
Cayman Islands,2011,3.6
Cayman Islands,2010,7.4
Cayman Islands,2009,3.8
Cayman Islands,2008,2.0
Cayman Islands,2007,2.0
Cayman Islands,2006,0.0
Cayman Islands,2005,0.97
Cayman Islands,2004,2.2
Cayman Islands,2003,0.0
Cayman Islands,2002,0.0
Cayman Islands,2001,2.4
Cayman Islands,2000,13.0
Chad,2024,118.0
Chad,2023,120.0
Chad,2022,123.0
Chad,2021,127.0
Chad,2020,131.0
Chad,2019,135.0
Chad,2018,139.0
Chad,2017,145.0
Chad,2016,152.0
Chad,2015,157.0
Chad,2014,162.0
Chad,2013,167.0
Chad,2012,168.0
Chad,2011,166.0
Chad,2010,162.0
Chad,2009,157.0
Chad,2008,150.0
Chad,2007,143.0
Chad,2006,137.0
Chad,2005,133.0
Chad,2004,129.0
Chad,2003,126.0
Chad,2002,124.0
Chad,2001,123.0
Chad,2000,123.0
Chile,2024,19.0
Chile,2023,20.0
Chile,2022,18.0
Chile,2021,17.0
Chile,2020,15.0
Chile,2019,19.0
Chile,2018,19.0
Chile,2017,18.0
Chile,2016,17.0
Chile,2015,18.0
Chile,2014,17.0
Chile,2013,18.0
Chile,2012,18.0
Chile,2011,19.0
Chile,2010,19.0
Chile,2009,19.0
Chile,2008,20.0
Chile,2007,20.0
Chile,2006,21.0
Chile,2005,22.0
Chile,2004,24.0
Chile,2003,21.0
Chile,2002,24.0
Chile,2001,31.0
Chile,2000,33.0
China,2024,49.0
China,2023,52.0
China,2022,52.0
China,2021,55.0
China,2020,58.0
China,2019,58.0
China,2018,61.0
China,2017,62.0
China,2016,63.0
China,2015,65.0
China,2014,67.0
China,2013,70.0
China,2012,73.0
China,2011,75.0
China,2010,76.0
China,2009,81.0
China,2008,82.0
China,2007,85.0
China,2006,88.0
China,2005,91.0
China,2004,94.0
China,2003,97.0
China,2002,100.0
China,2001,104.0
China,2000,107.0
Colombia,2024,49.0
Colombia,2023,46.0
Colombia,2022,44.0
Colombia,2021,41.0
Colombia,2020,39.0
Colombia,2019,36.0
Colombia,2018,34.0
Colombia,2017,34.0
Colombia,2016,34.0
Colombia,2015,33.0
Colombia,2014,34.0
Colombia,2013,36.0
Colombia,2012,39.0
Colombia,2011,40.0
Colombia,2010,40.0
Colombia,2009,41.0
Colombia,2008,43.0
Colombia,2007,43.0
Colombia,2006,45.0
Colombia,2005,44.0
Colombia,2004,51.0
Colombia,2003,56.0
Colombia,2002,59.0
Colombia,2001,64.0
Colombia,2000,70.0
Comoros,2024,22.0
Comoros,2023,26.0
Comoros,2022,29.0
Comoros,2021,32.0
Comoros,2020,35.0
Comoros,2019,37.0
Comoros,2018,39.0
Comoros,2017,40.0
Comoros,2016,41.0
Comoros,2015,42.0
Comoros,2014,42.0
Comoros,2013,42.0
Comoros,2012,43.0
Comoros,2011,43.0
Comoros,2010,44.0
Comoros,2009,44.0
Comoros,2008,44.0
Comoros,2007,43.0
Comoros,2006,43.0
Comoros,2005,43.0
Comoros,2004,44.0
Comoros,2003,45.0
Comoros,2002,47.0
Comoros,2001,49.0
Comoros,2000,51.0
"Congo, Dem. Rep.",2024,377.0
"Congo, Dem. Rep.",2023,385.0
"Congo, Dem. Rep.",2022,392.0
"Congo, Dem. Rep.",2021,401.0
"Congo, Dem. Rep.",2020,409.0
"Congo, Dem. Rep.",2019,417.0
"Congo, Dem. Rep.",2018,426.0
"Congo, Dem. Rep.",2017,434.0
"Congo, Dem. Rep.",2016,443.0
"Congo, Dem. Rep.",2015,452.0
"Congo, Dem. Rep.",2014,461.0
"Congo, Dem. Rep.",2013,471.0
"Congo, Dem. Rep.",2012,480.0
"Congo, Dem. Rep.",2011,490.0
"Congo, Dem. Rep.",2010,500.0
"Congo, Dem. Rep.",2009,510.0
"Congo, Dem. Rep.",2008,521.0
"Congo, Dem. Rep.",2007,531.0
"Congo, Dem. Rep.",2006,542.0
"Congo, Dem. Rep.",2005,553.0
"Congo, Dem. Rep.",2004,564.0
"Congo, Dem. Rep.",2003,576.0
"Congo, Dem. Rep.",2002,588.0
"Congo, Dem. Rep.",2001,600.0
"Congo, Dem. Rep.",2000,612.0
"Congo, Rep.",2024,302.0
"Congo, Rep.",2023,298.0
"Congo, Rep.",2022,297.0
"Congo, Rep.",2021,297.0
"Congo, Rep.",2020,300.0
"Congo, Rep.",2019,304.0
"Congo, Rep.",2018,311.0
"Congo, Rep.",2017,321.0
"Congo, Rep.",2016,334.0
"Congo, Rep.",2015,348.0
"Congo, Rep.",2014,365.0
"Congo, Rep.",2013,385.0
"Congo, Rep.",2012,402.0
"Congo, Rep.",2011,415.0
"Congo, Rep.",2010,426.0
"Congo, Rep.",2009,438.0
"Congo, Rep.",2008,448.0
"Congo, Rep.",2007,458.0
"Congo, Rep.",2006,470.0
"Congo, Rep.",2005,484.0
"Congo, Rep.",2004,499.0
"Congo, Rep.",2003,515.0
"Congo, Rep.",2002,532.0
"Congo, Rep.",2001,550.0
"Congo, Rep.",2000,569.0
Costa Rica,2024,9.3
Costa Rica,2023,9.5
Costa Rica,2022,9.8
Costa Rica,2021,9.8
Costa Rica,2020,9.7
Costa Rica,2019,9.9
Costa Rica,2018,10.0
Costa Rica,2017,9.6
Costa Rica,2016,9.6
Costa Rica,2015,12.0
Costa Rica,2014,13.0
Costa Rica,2013,12.0
Costa Rica,2012,14.0
Costa Rica,2011,15.0
Costa Rica,2010,15.0
Costa Rica,2009,14.0
Costa Rica,2008,16.0
Costa Rica,2007,18.0
Costa Rica,2006,17.0
Costa Rica,2005,19.0
Costa Rica,2004,26.0
Costa Rica,2003,21.0
Costa Rica,2002,21.0
Costa Rica,2001,26.0
Costa Rica,2000,25.0
Cote d'Ivoire,2024,99.0
Cote d'Ivoire,2023,103.0
Cote d'Ivoire,2022,107.0
Cote d'Ivoire,2021,112.0
Cote d'Ivoire,2020,118.0
Cote d'Ivoire,2019,126.0
Cote d'Ivoire,2018,133.0
Cote d'Ivoire,2017,142.0
Cote d'Ivoire,2016,153.0
Cote d'Ivoire,2015,162.0
Cote d'Ivoire,2014,173.0
Cote d'Ivoire,2013,184.0
Cote d'Ivoire,2012,193.0
Cote d'Ivoire,2011,201.0
Cote d'Ivoire,2010,209.0
Cote d'Ivoire,2009,215.0
Cote d'Ivoire,2008,217.0
Cote d'Ivoire,2007,218.0
Cote d'Ivoire,2006,217.0
Cote d'Ivoire,2005,213.0
Cote d'Ivoire,2004,208.0
Cote d'Ivoire,2003,201.0
Cote d'Ivoire,2002,191.0
Cote d'Ivoire,2001,180.0
Cote d'Ivoire,2000,166.0
Croatia,2024,6.6
Croatia,2023,8.4
Croatia,2022,6.6
Croatia,2021,4.9
Croatia,2020,5.6
Croatia,2019,9.3
Croatia,2018,11.0
Croatia,2017,11.0
Croatia,2016,14.0
Croatia,2015,15.0
Croatia,2014,15.0
Croatia,2013,16.0
Croatia,2012,17.0
Croatia,2011,19.0
Croatia,2010,21.0
Croatia,2009,26.0
Croatia,2008,31.0
Croatia,2007,30.0
Croatia,2006,33.0
Croatia,2005,34.0
Croatia,2004,38.0
Croatia,2003,46.0
Croatia,2002,48.0
Croatia,2001,47.0
Croatia,2000,56.0
Cuba,2024,11.0
Cuba,2023,8.1
Cuba,2022,7.7
Cuba,2021,5.4
Cuba,2020,6.2
Cuba,2019,6.8
Cuba,2018,7.6
Cuba,2017,7.6
Cuba,2016,7.3
Cuba,2015,7.5
Cuba,2014,8.0
Cuba,2013,8.4
Cuba,2012,8.3
Cuba,2011,9.3
Cuba,2010,9.8
Cuba,2009,8.6
Cuba,2008,10.0
Cuba,2007,9.8
Cuba,2006,10.0
Cuba,2005,10.0
Cuba,2004,11.0
Cuba,2003,13.0
Cuba,2002,15.0
Cuba,2001,16.0
Cuba,2000,23.0
Curacao,2024,2.8
Curacao,2023,2.8
Curacao,2022,2.7
Curacao,2021,3.2
Curacao,2020,3.5
Curacao,2019,3.8
Curacao,2018,4.1
Curacao,2017,5.3
Curacao,2016,2.4
Curacao,2015,4.8
Curacao,2014,3.0
Curacao,2013,1.2
Curacao,2012,0.62
Curacao,2011,0.63
Curacao,2010,3.2
Cyprus,2024,5.5
Cyprus,2023,7.2
Cyprus,2022,8.7
Cyprus,2021,4.5
Cyprus,2020,3.2
Cyprus,2019,6.4
Cyprus,2018,5.0
Cyprus,2017,5.2
Cyprus,2016,5.9
Cyprus,2015,6.7
Cyprus,2014,4.3
Cyprus,2013,4.7
Cyprus,2012,7.6
Cyprus,2011,6.4
Cyprus,2010,8.0
Cyprus,2009,6.9
Cyprus,2008,6.7
Cyprus,2007,5.9
Cyprus,2006,5.3
Cyprus,2005,5.2
Cyprus,2004,5.0
Cyprus,2003,6.4
Cyprus,2002,4.0
Cyprus,2001,8.9
Cyprus,2000,8.2
Czechia,2024,4.9
Czechia,2023,4.9
Czechia,2022,4.2
Czechia,2021,4.0
Czechia,2020,4.1
Czechia,2019,5.2
Czechia,2018,5.0
Czechia,2017,5.7
Czechia,2016,5.9
Czechia,2015,6.0
Czechia,2014,5.7
Czechia,2013,5.7
Czechia,2012,6.8
Czechia,2011,6.9
Czechia,2010,7.6
Czechia,2009,7.9
Czechia,2008,10.0
Czechia,2007,10.0
Czechia,2006,12.0
Czechia,2005,13.0
Czechia,2004,13.0
Czechia,2003,15.0
Czechia,2002,15.0
Czechia,2001,17.0
Czechia,2000,18.0
Denmark,2024,3.2
Denmark,2023,3.5
Denmark,2022,4.2
Denmark,2021,4.0
Denmark,2020,4.3
Denmark,2019,5.4
Denmark,2018,5.7
Denmark,2017,5.4
Denmark,2016,6.3
Denmark,2015,7.0
Denmark,2014,6.5
Denmark,2013,7.5
Denmark,2012,7.8
Denmark,2011,8.3
Denmark,2010,7.8
Denmark,2009,7.0
Denmark,2008,8.0
Denmark,2007,8.7
Denmark,2006,8.5
Denmark,2005,10.0
Denmark,2004,9.1
Denmark,2003,10.0
Denmark,2002,10.0
Denmark,2001,13.0
Denmark,2000,16.0
Djibouti,2024,495.0
Djibouti,2023,477.0
Djibouti,2022,462.0
Djibouti,2021,392.0
Djibouti,2020,366.0
Djibouti,2019,389.0
Djibouti,2018,433.0
Djibouti,2017,454.0
Djibouti,2016,600.0
Djibouti,2015,691.0
Djibouti,2014,651.0
Djibouti,2013,889.0
Djibouti,2012,1020.0
Djibouti,2011,1140.0
Djibouti,2010,1350.0
Djibouti,2009,1320.0
Djibouti,2008,1390.0
Djibouti,2007,1320.0
Djibouti,2006,1350.0
Djibouti,2005,1530.0
Djibouti,2004,1530.0
Djibouti,2003,1780.0
Djibouti,2002,1870.0
Djibouti,2001,2650.0
Djibouti,2000,2700.0
Dominica,2024,4.5
Dominica,2023,6.0
Dominica,2022,0.0
Dominica,2021,0.0
Dominica,2020,5.2
Dominica,2019,15.0
Dominica,2018,5.9
Dominica,2017,1.5
Dominica,2016,7.2
Dominica,2015,9.9
Dominica,2014,1.4
Dominica,2013,4.3
Dominica,2012,10.0
Dominica,2011,2.9
Dominica,2010,12.0
Dominica,2009,5.8
Dominica,2008,19.0
Dominica,2007,4.4
Dominica,2006,28.0
Dominica,2005,9.7
Dominica,2004,8.7
Dominica,2003,7.6
Dominica,2002,2.9
Dominica,2001,5.4
Dominica,2000,4.4
Dominican Republic,2024,51.0
Dominican Republic,2023,50.0
Dominican Republic,2022,49.0
Dominican Republic,2021,47.0
Dominican Republic,2020,46.0
Dominican Republic,2019,45.0
Dominican Republic,2018,49.0
Dominican Republic,2017,50.0
Dominican Republic,2016,55.0
Dominican Republic,2015,59.0
Dominican Republic,2014,60.0
Dominican Republic,2013,62.0
Dominican Republic,2012,61.0
Dominican Republic,2011,64.0
Dominican Republic,2010,61.0
Dominican Republic,2009,70.0
Dominican Republic,2008,75.0
Dominican Republic,2007,78.0
Dominican Republic,2006,92.0
Dominican Republic,2005,108.0
Dominican Republic,2004,103.0
Dominican Republic,2003,113.0
Dominican Republic,2002,100.0
Dominican Republic,2001,124.0
Dominican Republic,2000,145.0
Ecuador,2024,66.0
Ecuador,2023,59.0
Ecuador,2022,50.0
Ecuador,2021,41.0
Ecuador,2020,38.0
Ecuador,2019,46.0
Ecuador,2018,45.0
Ecuador,2017,44.0
Ecuador,2016,42.0
Ecuador,2015,42.0
Ecuador,2014,44.0
Ecuador,2013,47.0
Ecuador,2012,51.0
Ecuador,2011,50.0
Ecuador,2010,49.0
Ecuador,2009,51.0
Ecuador,2008,56.0
Ecuador,2007,60.0
Ecuador,2006,60.0
Ecuador,2005,62.0
Ecuador,2004,93.0
Ecuador,2003,105.0
Ecuador,2002,95.0
Ecuador,2001,103.0
Ecuador,2000,124.0
"Egypt, Arab Rep.",2024,10.0
"Egypt, Arab Rep.",2023,10.0
"Egypt, Arab Rep.",2022,11.0
"Egypt, Arab Rep.",2021,11.0
"Egypt, Arab Rep.",2020,11.0
"Egypt, Arab Rep.",2019,11.0
"Egypt, Arab Rep.",2018,12.0
"Egypt, Arab Rep.",2017,12.0
"Egypt, Arab Rep.",2016,13.0
"Egypt, Arab Rep.",2015,13.0
"Egypt, Arab Rep.",2014,13.0
"Egypt, Arab Rep.",2013,14.0
"Egypt, Arab Rep.",2012,14.0
"Egypt, Arab Rep.",2011,15.0
"Egypt, Arab Rep.",2010,15.0
"Egypt, Arab Rep.",2009,16.0
"Egypt, Arab Rep.",2008,16.0
"Egypt, Arab Rep.",2007,17.0
"Egypt, Arab Rep.",2006,17.0
"Egypt, Arab Rep.",2005,18.0
"Egypt, Arab Rep.",2004,19.0
"Egypt, Arab Rep.",2003,19.0
"Egypt, Arab Rep.",2002,20.0
"Egypt, Arab Rep.",2001,21.0
"Egypt, Arab Rep.",2000,21.0
El Salvador,2024,116.0
El Salvador,2023,86.0
El Salvador,2022,51.0
El Salvador,2021,39.0
El Salvador,2020,42.0
El Salvador,2019,63.0
El Salvador,2018,76.0
El Salvador,2017,77.0
El Salvador,2016,65.0
El Salvador,2015,53.0
El Salvador,2014,48.0
El Salvador,2013,48.0
El Salvador,2012,46.0
El Salvador,2011,43.0
El Salvador,2010,39.0
El Salvador,2009,40.0
El Salvador,2008,43.0
El Salvador,2007,43.0
El Salvador,2006,44.0
El Salvador,2005,50.0
El Salvador,2004,41.0
El Salvador,2003,43.0
El Salvador,2002,52.0
El Salvador,2001,53.0
El Salvador,2000,58.0
Equatorial Guinea,2024,199.0
Equatorial Guinea,2023,203.0
Equatorial Guinea,2022,207.0
Equatorial Guinea,2021,211.0
Equatorial Guinea,2020,216.0
Equatorial Guinea,2019,220.0
Equatorial Guinea,2018,225.0
Equatorial Guinea,2017,229.0
Equatorial Guinea,2016,234.0
Equatorial Guinea,2015,239.0
Equatorial Guinea,2014,243.0
Equatorial Guinea,2013,248.0
Equatorial Guinea,2012,253.0
Equatorial Guinea,2011,259.0
Equatorial Guinea,2010,264.0
Equatorial Guinea,2009,269.0
Equatorial Guinea,2008,275.0
Equatorial Guinea,2007,280.0
Equatorial Guinea,2006,286.0
Equatorial Guinea,2005,292.0
Equatorial Guinea,2004,298.0
Equatorial Guinea,2003,304.0
Equatorial Guinea,2002,310.0
Equatorial Guinea,2001,316.0
Equatorial Guinea,2000,323.0
Eritrea,2024,115.0
Eritrea,2023,149.0
Eritrea,2022,134.0
Eritrea,2021,111.0
Eritrea,2020,111.0
Eritrea,2019,127.0
Eritrea,2018,132.0
Eritrea,2017,147.0
Eritrea,2016,163.0
Eritrea,2015,156.0
Eritrea,2014,186.0
Eritrea,2013,229.0
Eritrea,2012,261.0
Eritrea,2011,262.0
Eritrea,2010,258.0
Eritrea,2009,281.0
Eritrea,2008,312.0
Eritrea,2007,417.0
Eritrea,2006,375.0
Eritrea,2005,483.0
Eritrea,2004,617.0
Eritrea,2003,756.0
Eritrea,2002,498.0
Eritrea,2001,538.0
Eritrea,2000,1440.0
Estonia,2024,8.2
Estonia,2023,9.1
Estonia,2022,12.0
Estonia,2021,10.0
Estonia,2020,11.0
Estonia,2019,14.0
Estonia,2018,14.0
Estonia,2017,17.0
Estonia,2016,19.0
Estonia,2015,21.0
Estonia,2014,24.0
Estonia,2013,27.0
Estonia,2012,27.0
Estonia,2011,31.0
Estonia,2010,31.0
Estonia,2009,40.0
Estonia,2008,47.0
Estonia,2007,56.0
Estonia,2006,54.0
Estonia,2005,64.0
Estonia,2004,71.0
Estonia,2003,78.0
Estonia,2002,83.0
Estonia,2001,94.0
Estonia,2000,105.0
Eswatini,2024,319.0
Eswatini,2023,326.0
Eswatini,2022,335.0
Eswatini,2021,334.0
Eswatini,2020,336.0
Eswatini,2019,363.0
Eswatini,2018,441.0
Eswatini,2017,502.0
Eswatini,2016,537.0
Eswatini,2015,648.0
Eswatini,2014,855.0
Eswatini,2013,1030.0
Eswatini,2012,1110.0
Eswatini,2011,1300.0
Eswatini,2010,1590.0
Eswatini,2009,1590.0
Eswatini,2008,1390.0
Eswatini,2007,1430.0
Eswatini,2006,1460.0
Eswatini,2005,1420.0
Eswatini,2004,1320.0
Eswatini,2003,1270.0
Eswatini,2002,1110.0
Eswatini,2001,1010.0
Eswatini,2000,981.0
Ethiopia,2024,141.0
Ethiopia,2023,143.0
Ethiopia,2022,146.0
Ethiopia,2021,151.0
Ethiopia,2020,156.0
Ethiopia,2019,163.0
Ethiopia,2018,170.0
Ethiopia,2017,179.0
Ethiopia,2016,189.0
Ethiopia,2015,200.0
Ethiopia,2014,211.0
Ethiopia,2013,224.0
Ethiopia,2012,238.0
Ethiopia,2011,253.0
Ethiopia,2010,269.0
Ethiopia,2009,287.0
Ethiopia,2008,305.0
Ethiopia,2007,324.0
Ethiopia,2006,345.0
Ethiopia,2005,366.0
Ethiopia,2004,388.0
Ethiopia,2003,412.0
Ethiopia,2002,437.0
Ethiopia,2001,462.0
Ethiopia,2000,489.0
Fiji,2024,104.0
Fiji,2023,72.0
Fiji,2022,105.0
Fiji,2021,63.0
Fiji,2020,81.0
Fiji,2019,89.0
Fiji,2018,73.0
Fiji,2017,68.0
Fiji,2016,59.0
Fiji,2015,69.0
Fiji,2014,74.0
Fiji,2013,51.0
Fiji,2012,43.0
Fiji,2011,46.0
Fiji,2010,42.0
Fiji,2009,32.0
Fiji,2008,24.0
Fiji,2007,22.0
Fiji,2006,27.0
Fiji,2005,32.0
Fiji,2004,35.0
Fiji,2003,51.0
Fiji,2002,44.0
Fiji,2001,58.0
Fiji,2000,49.0
Finland,2024,3.7
Finland,2023,3.7
Finland,2022,4.0
Finland,2021,3.6
Finland,2020,3.7
Finland,2019,4.8
Finland,2018,4.9
Finland,2017,5.0
Finland,2016,4.8
Finland,2015,5.7
Finland,2014,5.4
Finland,2013,5.7
Finland,2012,5.7
Finland,2011,6.9
Finland,2010,6.8
Finland,2009,9.0
Finland,2008,7.5
Finland,2007,6.9
Finland,2006,6.5
Finland,2005,8.0
Finland,2004,7.7
Finland,2003,9.8
Finland,2002,11.0
Finland,2001,12.0
Finland,2000,14.0
France,2024,7.8
France,2023,8.3
France,2022,7.0
France,2021,7.4
France,2020,8.1
France,2019,9.0
France,2018,8.8
France,2017,9.0
France,2016,8.7
France,2015,8.4
France,2014,8.5
France,2013,8.8
France,2012,8.9
France,2011,9.0
France,2010,9.2
France,2009,9.4
France,2008,10.0
France,2007,11.0
France,2006,9.7
France,2005,9.8
France,2004,10.0
France,2003,12.0
France,2002,11.0
France,2001,12.0
France,2000,12.0
Gabon,2024,371.0
Gabon,2023,380.0
Gabon,2022,390.0
Gabon,2021,401.0
Gabon,2020,413.0
Gabon,2019,427.0
Gabon,2018,440.0
Gabon,2017,456.0
Gabon,2016,475.0
Gabon,2015,488.0
Gabon,2014,491.0
Gabon,2013,488.0
Gabon,2012,483.0
Gabon,2011,475.0
Gabon,2010,461.0
Gabon,2009,445.0
Gabon,2008,426.0
Gabon,2007,405.0
Gabon,2006,387.0
Gabon,2005,373.0
Gabon,2004,361.0
Gabon,2003,350.0
Gabon,2002,342.0
Gabon,2001,336.0
Gabon,2000,332.0
"Gambia, The",2024,138.0
"Gambia, The",2023,142.0
"Gambia, The",2022,145.0
"Gambia, The",2021,149.0
"Gambia, The",2020,153.0
"Gambia, The",2019,158.0
"Gambia, The",2018,162.0
"Gambia, The",2017,166.0
"Gambia, The",2016,170.0
"Gambia, The",2015,173.0
"Gambia, The",2014,175.0
"Gambia, The",2013,176.0
"Gambia, The",2012,177.0
"Gambia, The",2011,178.0
"Gambia, The",2010,179.0
"Gambia, The",2009,180.0
"Gambia, The",2008,183.0
"Gambia, The",2007,186.0
"Gambia, The",2006,188.0
"Gambia, The",2005,190.0
"Gambia, The",2004,191.0
"Gambia, The",2003,191.0
"Gambia, The",2002,190.0
"Gambia, The",2001,189.0
"Gambia, The",2000,187.0
Georgia,2024,45.0
Georgia,2023,51.0
Georgia,2022,57.0
Georgia,2021,63.0
Georgia,2020,71.0
Georgia,2019,78.0
Georgia,2018,86.0
Georgia,2017,95.0
Georgia,2016,104.0
Georgia,2015,115.0
Georgia,2014,128.0
Georgia,2013,143.0
Georgia,2012,155.0
Georgia,2011,165.0
Georgia,2010,174.0
Georgia,2009,181.0
Georgia,2008,187.0
Georgia,2007,191.0
Georgia,2006,196.0
Georgia,2005,201.0
Georgia,2004,206.0
Georgia,2003,211.0
Georgia,2002,216.0
Georgia,2001,222.0
Georgia,2000,229.0
Germany,2024,5.4
Germany,2023,5.6
Germany,2022,5.1
Germany,2021,5.0
Germany,2020,5.3
Germany,2019,6.1
Germany,2018,6.9
Germany,2017,7.1
Germany,2016,7.6
Germany,2015,7.6
Germany,2014,5.9
Germany,2013,5.7
Germany,2012,5.5
Germany,2011,5.5
Germany,2010,5.5
Germany,2009,5.7
Germany,2008,5.6
Germany,2007,6.3
Germany,2006,6.9
Germany,2005,7.6
Germany,2004,8.3
Germany,2003,9.4
Germany,2002,9.3
Germany,2001,9.3
Germany,2000,12.0
Ghana,2024,126.0
Ghana,2023,129.0
Ghana,2022,133.0
Ghana,2021,136.0
Ghana,2020,140.0
Ghana,2019,144.0
Ghana,2018,148.0
Ghana,2017,152.0
Ghana,2016,156.0
Ghana,2015,160.0
Ghana,2014,165.0
Ghana,2013,168.0
Ghana,2012,173.0
Ghana,2011,178.0
Ghana,2010,183.0
Ghana,2009,187.0
Ghana,2008,191.0
Ghana,2007,196.0
Ghana,2006,199.0
Ghana,2005,203.0
Ghana,2004,206.0
Ghana,2003,209.0
Ghana,2002,212.0
Ghana,2001,214.0
Ghana,2000,216.0
Greece,2024,3.6
Greece,2023,5.6
Greece,2022,3.6
Greece,2021,2.3
Greece,2020,4.4
Greece,2019,5.1
Greece,2018,4.8
Greece,2017,5.2
Greece,2016,4.9
Greece,2015,5.3
Greece,2014,5.8
Greece,2013,6.0
Greece,2012,6.3
Greece,2011,5.5
Greece,2010,5.4
Greece,2009,6.7
Greece,2008,7.3
Greece,2007,7.7
Greece,2006,7.8
Greece,2005,8.9
Greece,2004,9.5
Greece,2003,7.8
Greece,2002,7.6
Greece,2001,6.8
Greece,2000,9.7
Greenland,2024,139.0
Greenland,2023,110.0
Greenland,2022,130.0
Greenland,2021,76.0
Greenland,2020,166.0
Greenland,2019,142.0
Greenland,2018,111.0
Greenland,2017,130.0
Greenland,2016,134.0
Greenland,2015,189.0
Greenland,2014,206.0
Greenland,2013,230.0
Greenland,2012,203.0
Greenland,2011,283.0
Greenland,2010,286.0
Greenland,2009,161.0
Greenland,2008,208.0
Greenland,2007,206.0
Greenland,2006,204.0
Greenland,2005,202.0
Greenland,2004,200.0
Greenland,2003,198.0
Greenland,2002,196.0
Greenland,2001,194.0
Greenland,2000,192.0
Grenada,2024,1.7
Grenada,2023,4.3
Grenada,2022,0.86
Grenada,2021,1.7
Grenada,2020,0.86
Grenada,2019,2.6
Grenada,2018,1.7
Grenada,2017,2.6
Grenada,2016,5.2
Grenada,2015,4.4
Grenada,2014,0.0
Grenada,2013,2.1
Grenada,2012,0.89
Grenada,2011,1.8
Grenada,2010,3.6
Grenada,2009,4.5
Grenada,2008,4.5
Grenada,2007,2.7
Grenada,2006,0.91
Grenada,2005,1.9
Grenada,2004,1.8
Grenada,2003,1.8
Grenada,2002,0.92
Grenada,2001,0.69
Grenada,2000,0.0
Guam,2024,55.0
Guam,2023,42.0
Guam,2022,55.0
Guam,2021,55.0
Guam,2020,54.0
Guam,2019,76.0
Guam,2018,68.0
Guam,2017,80.0
Guam,2016,72.0
Guam,2015,74.0
Guam,2014,55.0
Guam,2013,48.0
Guam,2012,69.0
Guam,2011,85.0
Guam,2010,107.0
Guam,2009,112.0
Guam,2008,102.0
Guam,2007,63.0
Guam,2006,55.0
Guam,2005,82.0
Guam,2004,67.0
Guam,2003,30.0
Guam,2002,72.0
Guam,2001,92.0
Guam,2000,81.0
Guatemala,2024,28.0
Guatemala,2023,29.0
Guatemala,2022,26.0
Guatemala,2021,20.0
Guatemala,2020,18.0
Guatemala,2019,24.0
Guatemala,2018,24.0
Guatemala,2017,23.0
Guatemala,2016,22.0
Guatemala,2015,23.0
Guatemala,2014,23.0
Guatemala,2013,24.0
Guatemala,2012,26.0
Guatemala,2011,23.0
Guatemala,2010,26.0
Guatemala,2009,23.0
Guatemala,2008,26.0
Guatemala,2007,26.0
Guatemala,2006,31.0
Guatemala,2005,33.0
Guatemala,2004,29.0
Guatemala,2003,24.0
Guatemala,2002,27.0
Guatemala,2001,23.0
Guatemala,2000,28.0
Guinea,2024,178.0
Guinea,2023,178.0
Guinea,2022,179.0
Guinea,2021,179.0
Guinea,2020,179.0
Guinea,2019,178.0
Guinea,2018,178.0
Guinea,2017,178.0
Guinea,2016,177.0
Guinea,2015,177.0
Guinea,2014,179.0
Guinea,2013,183.0
Guinea,2012,185.0
Guinea,2011,187.0
Guinea,2010,189.0
Guinea,2009,190.0
Guinea,2008,187.0
Guinea,2007,183.0
Guinea,2006,177.0
Guinea,2005,171.0
Guinea,2004,163.0
Guinea,2003,154.0
Guinea,2002,144.0
Guinea,2001,133.0
Guinea,2000,120.0
Guinea-Bissau,2024,176.0
Guinea-Bissau,2023,178.0
Guinea-Bissau,2022,180.0
Guinea-Bissau,2021,183.0
Guinea-Bissau,2020,186.0
Guinea-Bissau,2019,189.0
Guinea-Bissau,2018,194.0
Guinea-Bissau,2017,198.0
Guinea-Bissau,2016,203.0
Guinea-Bissau,2015,209.0
Guinea-Bissau,2014,218.0
Guinea-Bissau,2013,230.0
Guinea-Bissau,2012,241.0
Guinea-Bissau,2011,253.0
Guinea-Bissau,2010,266.0
Guinea-Bissau,2009,276.0
Guinea-Bissau,2008,282.0
Guinea-Bissau,2007,286.0
Guinea-Bissau,2006,286.0
Guinea-Bissau,2005,281.0
Guinea-Bissau,2004,273.0
Guinea-Bissau,2003,261.0
Guinea-Bissau,2002,245.0
Guinea-Bissau,2001,225.0
Guinea-Bissau,2000,202.0
Guyana,2024,67.0
Guyana,2023,66.0
Guyana,2022,61.0
Guyana,2021,66.0
Guyana,2020,59.0
Guyana,2019,80.0
Guyana,2018,85.0
Guyana,2017,90.0
Guyana,2016,101.0
Guyana,2015,102.0
Guyana,2014,100.0
Guyana,2013,130.0
Guyana,2012,148.0
Guyana,2011,145.0
Guyana,2010,150.0
Guyana,2009,164.0
Guyana,2008,143.0
Guyana,2007,133.0
Guyana,2006,163.0
Guyana,2005,151.0
Guyana,2004,152.0
Guyana,2003,171.0
Guyana,2002,173.0
Guyana,2001,134.0
Guyana,2000,148.0
Haiti,2024,175.0
Haiti,2023,185.0
Haiti,2022,196.0
Haiti,2021,209.0
Haiti,2020,223.0
Haiti,2019,239.0
Haiti,2018,256.0
Haiti,2017,276.0
Haiti,2016,297.0
Haiti,2015,318.0
Haiti,2014,336.0
Haiti,2013,353.0
Haiti,2012,372.0
Haiti,2011,389.0
Haiti,2010,407.0
Haiti,2009,428.0
Haiti,2008,456.0
Haiti,2007,488.0
Haiti,2006,514.0
Haiti,2005,532.0
Haiti,2004,549.0
Haiti,2003,562.0
Haiti,2002,571.0
Haiti,2001,576.0
Haiti,2000,576.0
Honduras,2024,38.0
Honduras,2023,38.0
Honduras,2022,38.0
Honduras,2021,38.0
Honduras,2020,38.0
Honduras,2019,38.0
Honduras,2018,45.0
Honduras,2017,46.0
Honduras,2016,48.0
Honduras,2015,49.0
Honduras,2014,49.0
Honduras,2013,55.0
Honduras,2012,59.0
Honduras,2011,66.0
Honduras,2010,62.0
Honduras,2009,66.0
Honduras,2008,67.0
Honduras,2007,69.0
Honduras,2006,84.0
Honduras,2005,92.0
Honduras,2004,108.0
Honduras,2003,133.0
Honduras,2002,161.0
Honduras,2001,200.0
Honduras,2000,280.0
"Hong Kong SAR, China",2024,66.0
"Hong Kong SAR, China",2023,67.0
"Hong Kong SAR, China",2022,66.0
"Hong Kong SAR, China",2021,76.0
"Hong Kong SAR, China",2020,75.0
"Hong Kong SAR, China",2019,84.0
"Hong Kong SAR, China",2018,89.0
"Hong Kong SAR, China",2017,90.0
"Hong Kong SAR, China",2016,94.0
"Hong Kong SAR, China",2015,98.0
"Hong Kong SAR, China",2014,107.0
"Hong Kong SAR, China",2013,109.0
"Hong Kong SAR, China",2012,113.0
"Hong Kong SAR, China",2011,115.0
"Hong Kong SAR, China",2010,123.0
"Hong Kong SAR, China",2009,133.0
"Hong Kong SAR, China",2008,150.0
"Hong Kong SAR, China",2007,152.0
"Hong Kong SAR, China",2006,164.0
"Hong Kong SAR, China",2005,175.0
"Hong Kong SAR, China",2004,180.0
"Hong Kong SAR, China",2003,193.0
"Hong Kong SAR, China",2002,211.0
"Hong Kong SAR, China",2001,235.0
"Hong Kong SAR, China",2000,216.0
Hungary,2024,5.6
Hungary,2023,6.5
Hungary,2022,5.7
Hungary,2021,4.1
Hungary,2020,5.1
Hungary,2019,7.0
Hungary,2018,8.0
Hungary,2017,8.6
Hungary,2016,9.8
Hungary,2015,11.0
Hungary,2014,11.0
Hungary,2013,14.0
Hungary,2012,16.0
Hungary,2011,18.0
Hungary,2010,22.0
Hungary,2009,18.0
Hungary,2008,20.0
Hungary,2007,22.0
Hungary,2006,24.0
Hungary,2005,26.0
Hungary,2004,33.0
Hungary,2003,40.0
Hungary,2002,40.0
Hungary,2001,43.0
Hungary,2000,45.0
Iceland,2024,3.0
Iceland,2023,3.6
Iceland,2022,4.2
Iceland,2021,1.9
Iceland,2020,3.3
Iceland,2019,3.6
Iceland,2018,2.3
Iceland,2017,3.8
Iceland,2016,1.8
Iceland,2015,2.1
Iceland,2014,2.4
Iceland,2013,3.4
Iceland,2012,3.1
Iceland,2011,2.5
Iceland,2010,6.9
Iceland,2009,2.8
Iceland,2008,1.9
Iceland,2007,3.9
Iceland,2006,4.3
Iceland,2005,3.4
Iceland,2004,3.8
Iceland,2003,1.7
Iceland,2002,2.8
Iceland,2001,4.2
Iceland,2000,4.6
India,2024,187.0
India,2023,192.0
India,2022,196.0
India,2021,196.0
India,2020,197.0
India,2019,202.0
India,2018,208.0
India,2017,217.0
India,2016,225.0
India,2015,237.0
India,2014,243.0
India,2013,248.0
India,2012,258.0
India,2011,268.0
India,2010,276.0
India,2009,283.0
India,2008,291.0
India,2007,298.0
India,2006,305.0
India,2005,311.0
India,2004,315.0
India,2003,318.0
India,2002,320.0
India,2001,321.0
India,2000,322.0
Indonesia,2024,382.0
Indonesia,2023,388.0
Indonesia,2022,375.0
Indonesia,2021,330.0
Indonesia,2020,306.0
Indonesia,2019,312.0
Indonesia,2018,316.0
Indonesia,2017,319.0
Indonesia,2016,322.0
Indonesia,2015,325.0
Indonesia,2014,329.0
Indonesia,2013,332.0
Indonesia,2012,335.0
Indonesia,2011,338.0
Indonesia,2010,342.0
Indonesia,2009,345.0
Indonesia,2008,349.0
Indonesia,2007,353.0
Indonesia,2006,357.0
Indonesia,2005,360.0
Indonesia,2004,363.0
Indonesia,2003,366.0
Indonesia,2002,367.0
Indonesia,2001,369.0
Indonesia,2000,370.0
"Iran, Islamic Rep.",2024,10.0
"Iran, Islamic Rep.",2023,11.0
"Iran, Islamic Rep.",2022,12.0
"Iran, Islamic Rep.",2021,12.0
"Iran, Islamic Rep.",2020,13.0
"Iran, Islamic Rep.",2019,14.0
"Iran, Islamic Rep.",2018,15.0
"Iran, Islamic Rep.",2017,16.0
"Iran, Islamic Rep.",2016,17.0
"Iran, Islamic Rep.",2015,20.0
"Iran, Islamic Rep.",2014,21.0
"Iran, Islamic Rep.",2013,24.0
"Iran, Islamic Rep.",2012,26.0
"Iran, Islamic Rep.",2011,28.0
"Iran, Islamic Rep.",2010,29.0
"Iran, Islamic Rep.",2009,29.0
"Iran, Islamic Rep.",2008,28.0
"Iran, Islamic Rep.",2007,28.0
"Iran, Islamic Rep.",2006,30.0
"Iran, Islamic Rep.",2005,31.0
"Iran, Islamic Rep.",2004,35.0
"Iran, Islamic Rep.",2003,38.0
"Iran, Islamic Rep.",2002,40.0
"Iran, Islamic Rep.",2001,42.0
"Iran, Islamic Rep.",2000,43.0
Iraq,2024,21.0
Iraq,2023,23.0
Iraq,2022,23.0
Iraq,2021,20.0
Iraq,2020,18.0
Iraq,2019,24.0
Iraq,2018,27.0
Iraq,2017,29.0
Iraq,2016,29.0
Iraq,2015,33.0
Iraq,2014,34.0
Iraq,2013,37.0
Iraq,2012,39.0
Iraq,2011,42.0
Iraq,2010,47.0
Iraq,2009,47.0
Iraq,2008,48.0
Iraq,2007,42.0
Iraq,2006,43.0
Iraq,2005,50.0
Iraq,2004,58.0
Iraq,2003,66.0
Iraq,2002,69.0
Iraq,2001,63.0
Iraq,2000,60.0
Ireland,2024,6.2
Ireland,2023,4.8
Ireland,2022,4.7
Ireland,2021,5.0
Ireland,2020,5.6
Ireland,2019,6.2
Ireland,2018,7.4
Ireland,2017,7.7
Ireland,2016,7.6
Ireland,2015,7.7
Ireland,2014,8.0
Ireland,2013,9.7
Ireland,2012,9.5
Ireland,2011,11.0
Ireland,2010,11.0
Ireland,2009,12.0
Ireland,2008,13.0
Ireland,2007,13.0
Ireland,2006,14.0
Ireland,2005,14.0
Ireland,2004,14.0
Ireland,2003,14.0
Ireland,2002,13.0
Ireland,2001,14.0
Ireland,2000,14.0
Israel,2024,2.4
Israel,2023,2.8
Israel,2022,2.7
Israel,2021,2.8
Israel,2020,2.1
Israel,2019,2.9
Israel,2018,4.1
Israel,2017,3.4
Israel,2016,3.7
Israel,2015,4.3
Israel,2014,5.6
Israel,2013,4.9
Israel,2012,8.3
Israel,2011,7.0
Israel,2010,5.9
Israel,2009,6.2
Israel,2008,5.9
Israel,2007,7.4
Israel,2006,6.6
Israel,2005,7.3
Israel,2004,9.3
Israel,2003,9.9
Israel,2002,10.0
Israel,2001,12.0
Israel,2000,13.0
Italy,2024,5.0
Italy,2023,5.4
Italy,2022,4.5
Italy,2021,4.7
Italy,2020,4.2
Italy,2019,6.2
Italy,2018,7.4
Italy,2017,7.5
Italy,2016,7.5
Italy,2015,6.9
Italy,2014,6.7
Italy,2013,6.1
Italy,2012,6.3
Italy,2011,7.1
Italy,2010,9.5
Italy,2009,8.7
Italy,2008,8.9
Italy,2007,6.1
Italy,2006,9.3
Italy,2005,8.8
Italy,2004,9.3
Italy,2003,11.0
Italy,2002,9.7
Italy,2001,11.0
Italy,2000,9.1
Jamaica,2024,2.3
Jamaica,2023,4.3
Jamaica,2022,3.9
Jamaica,2021,2.7
Jamaica,2020,2.9
Jamaica,2019,3.5
Jamaica,2018,3.9
Jamaica,2017,5.9
Jamaica,2016,5.1
Jamaica,2015,5.2
Jamaica,2014,4.4
Jamaica,2013,5.1
Jamaica,2012,5.0
Jamaica,2011,5.9
Jamaica,2010,7.6
Jamaica,2009,8.4
Jamaica,2008,6.6
Jamaica,2007,6.8
Jamaica,2006,6.4
Jamaica,2005,6.4
Jamaica,2004,8.7
Jamaica,2003,9.5
Jamaica,2002,8.9
Jamaica,2001,11.0
Jamaica,2000,12.0
Japan,2024,9.8
Japan,2023,9.8
Japan,2022,9.9
Japan,2021,11.0
Japan,2020,12.0
Japan,2019,14.0
Japan,2018,15.0
Japan,2017,16.0
Japan,2016,17.0
Japan,2015,17.0
Japan,2014,19.0
Japan,2013,20.0
Japan,2012,20.0
Japan,2011,22.0
Japan,2010,22.0
Japan,2009,24.0
Japan,2008,25.0
Japan,2007,26.0
Japan,2006,27.0
Japan,2005,29.0
Japan,2004,32.0
Japan,2003,35.0
Japan,2002,37.0
Japan,2001,41.0
Japan,2000,47.0
Jordan,2024,3.5
Jordan,2023,3.3
Jordan,2022,4.2
Jordan,2021,4.8
Jordan,2020,5.3
Jordan,2019,6.3
Jordan,2018,5.6
Jordan,2017,7.5
Jordan,2016,6.1
Jordan,2015,6.5
Jordan,2014,6.4
Jordan,2013,6.4
Jordan,2012,6.4
Jordan,2011,6.4
Jordan,2010,6.7
Jordan,2009,7.6
Jordan,2008,7.6
Jordan,2007,7.4
Jordan,2006,8.9
Jordan,2005,9.4
Jordan,2004,8.6
Jordan,2003,8.9
Jordan,2002,9.0
Jordan,2001,10.0
Jordan,2000,9.5
Kazakhstan,2024,45.0
Kazakhstan,2023,49.0
Kazakhstan,2022,53.0
Kazakhstan,2021,57.0
Kazakhstan,2020,62.0
Kazakhstan,2019,66.0
Kazakhstan,2018,68.0
Kazakhstan,2017,67.0
Kazakhstan,2016,68.0
Kazakhstan,2015,78.0
Kazakhstan,2014,86.0
Kazakhstan,2013,109.0
Kazakhstan,2012,105.0
Kazakhstan,2011,148.0
Kazakhstan,2010,140.0
Kazakhstan,2009,151.0
Kazakhstan,2008,142.0
Kazakhstan,2007,166.0
Kazakhstan,2006,167.0
Kazakhstan,2005,181.0
Kazakhstan,2004,181.0
Kazakhstan,2003,225.0
Kazakhstan,2002,178.0
Kazakhstan,2001,170.0
Kazakhstan,2000,168.0
Kenya,2024,207.0
Kenya,2023,214.0
Kenya,2022,238.0
Kenya,2021,247.0
Kenya,2020,248.0
Kenya,2019,267.0
Kenya,2018,292.0
Kenya,2017,319.0
Kenya,2016,348.0
Kenya,2015,380.0
Kenya,2014,423.0
Kenya,2013,443.0
Kenya,2012,471.0
Kenya,2011,506.0
Kenya,2010,531.0
Kenya,2009,566.0
Kenya,2008,564.0
Kenya,2007,618.0
Kenya,2006,646.0
Kenya,2005,630.0
Kenya,2004,634.0
Kenya,2003,610.0
Kenya,2002,534.0
Kenya,2001,499.0
Kenya,2000,451.0
Kiribati,2024,945.0
Kiribati,2023,908.0
Kiribati,2022,588.0
Kiribati,2021,547.0
Kiribati,2020,655.0
Kiribati,2019,715.0
Kiribati,2018,582.0
Kiribati,2017,718.0
Kiribati,2016,1010.0
Kiribati,2015,1010.0
Kiribati,2014,870.0
Kiribati,2013,888.0
Kiribati,2012,784.0
Kiribati,2011,809.0
Kiribati,2010,704.0
Kiribati,2009,742.0
Kiribati,2008,974.0
Kiribati,2007,1060.0
Kiribati,2006,1320.0
Kiribati,2005,1280.0
Kiribati,2004,1260.0
Kiribati,2003,1220.0
Kiribati,2002,888.0
Kiribati,2001,908.0
Kiribati,2000,1280.0
"Korea, Rep.",2024,35.0
"Korea, Rep.",2023,38.0
"Korea, Rep.",2022,40.0
"Korea, Rep.",2021,44.0
"Korea, Rep.",2020,48.0
"Korea, Rep.",2019,58.0
"Korea, Rep.",2018,64.0
"Korea, Rep.",2017,70.0
"Korea, Rep.",2016,76.0
"Korea, Rep.",2015,79.0
"Korea, Rep.",2014,85.0
"Korea, Rep.",2013,89.0
"Korea, Rep.",2012,94.0
"Korea, Rep.",2011,101.0
"Korea, Rep.",2010,97.0
"Korea, Rep.",2009,95.0
"Korea, Rep.",2008,90.0
"Korea, Rep.",2007,93.0
"Korea, Rep.",2006,94.0
"Korea, Rep.",2005,96.0
"Korea, Rep.",2004,78.0
"Korea, Rep.",2003,83.0
"Korea, Rep.",2002,79.0
"Korea, Rep.",2001,85.0
"Korea, Rep.",2000,50.0
Kuwait,2024,10.0
Kuwait,2023,11.0
Kuwait,2022,13.0
Kuwait,2021,22.0
Kuwait,2020,20.0
Kuwait,2019,23.0
Kuwait,2018,25.0
Kuwait,2017,31.0
Kuwait,2016,27.0
Kuwait,2015,26.0
Kuwait,2014,27.0
Kuwait,2013,27.0
Kuwait,2012,30.0
Kuwait,2011,29.0
Kuwait,2010,45.0
Kuwait,2009,45.0
Kuwait,2008,44.0
Kuwait,2007,34.0
Kuwait,2006,36.0
Kuwait,2005,30.0
Kuwait,2004,34.0
Kuwait,2003,36.0
Kuwait,2002,38.0
Kuwait,2001,33.0
Kuwait,2000,36.0
Kyrgyz Republic,2024,128.0
Kyrgyz Republic,2023,131.0
Kyrgyz Republic,2022,133.0
Kyrgyz Republic,2021,132.0
Kyrgyz Republic,2020,131.0
Kyrgyz Republic,2019,136.0
Kyrgyz Republic,2018,144.0
Kyrgyz Republic,2017,156.0
Kyrgyz Republic,2016,170.0
Kyrgyz Republic,2015,178.0
Kyrgyz Republic,2014,171.0
Kyrgyz Republic,2013,200.0
Kyrgyz Republic,2012,186.0
Kyrgyz Republic,2011,191.0
Kyrgyz Republic,2010,192.0
Kyrgyz Republic,2009,210.0
Kyrgyz Republic,2008,249.0
Kyrgyz Republic,2007,232.0
Kyrgyz Republic,2006,243.0
Kyrgyz Republic,2005,258.0
Kyrgyz Republic,2004,273.0
Kyrgyz Republic,2003,299.0
Kyrgyz Republic,2002,322.0
Kyrgyz Republic,2001,303.0
Kyrgyz Republic,2000,291.0
Lao PDR,2024,127.0
Lao PDR,2023,132.0
Lao PDR,2022,138.0
Lao PDR,2021,143.0
Lao PDR,2020,149.0
Lao PDR,2019,155.0
Lao PDR,2018,162.0
Lao PDR,2017,168.0
Lao PDR,2016,175.0
Lao PDR,2015,182.0
Lao PDR,2014,189.0
Lao PDR,2013,197.0
Lao PDR,2012,204.0
Lao PDR,2011,213.0
Lao PDR,2010,221.0
Lao PDR,2009,230.0
Lao PDR,2008,240.0
Lao PDR,2007,249.0
Lao PDR,2006,260.0
Lao PDR,2005,270.0
Lao PDR,2004,282.0
Lao PDR,2003,293.0
Lao PDR,2002,305.0
Lao PDR,2001,317.0
Lao PDR,2000,330.0
Latvia,2024,21.0
Latvia,2023,22.0
Latvia,2022,22.0
Latvia,2021,19.0
Latvia,2020,23.0
Latvia,2019,28.0
Latvia,2018,33.0
Latvia,2017,38.0
Latvia,2016,47.0
Latvia,2015,53.0
Latvia,2014,57.0
Latvia,2013,68.0
Latvia,2012,76.0
Latvia,2011,69.0
Latvia,2010,73.0
Latvia,2009,76.0
Latvia,2008,86.0
Latvia,2007,103.0
Latvia,2006,111.0
Latvia,2005,125.0
Latvia,2004,143.0
Latvia,2003,156.0
Latvia,2002,170.0
Latvia,2001,193.0
Latvia,2000,196.0
Lebanon,2024,13.0
Lebanon,2023,12.0
Lebanon,2022,12.0
Lebanon,2021,11.0
Lebanon,2020,16.0
Lebanon,2019,18.0
Lebanon,2018,15.0
Lebanon,2017,14.0
Lebanon,2016,14.0
Lebanon,2015,15.0
Lebanon,2014,16.0
Lebanon,2013,18.0
Lebanon,2012,18.0
Lebanon,2011,15.0
Lebanon,2010,16.0
Lebanon,2009,16.0
Lebanon,2008,17.0
Lebanon,2007,16.0
Lebanon,2006,13.0
Lebanon,2005,14.0
Lebanon,2004,15.0
Lebanon,2003,16.0
Lebanon,2002,19.0
Lebanon,2001,24.0
Lebanon,2000,28.0
Lesotho,2024,548.0
Lesotho,2023,584.0
Lesotho,2022,611.0
Lesotho,2021,606.0
Lesotho,2020,599.0
Lesotho,2019,654.0
Lesotho,2018,659.0
Lesotho,2017,681.0
Lesotho,2016,721.0
Lesotho,2015,780.0
Lesotho,2014,853.0
Lesotho,2013,948.0
Lesotho,2012,1040.0
Lesotho,2011,1120.0
Lesotho,2010,1180.0
Lesotho,2009,1230.0
Lesotho,2008,1240.0
Lesotho,2007,1230.0
Lesotho,2006,1230.0
Lesotho,2005,1200.0
Lesotho,2004,1150.0
Lesotho,2003,1080.0
Lesotho,2002,1010.0
Lesotho,2001,923.0
Lesotho,2000,827.0
Liberia,2024,207.0
Liberia,2023,215.0
Liberia,2022,224.0
Liberia,2021,232.0
Liberia,2020,240.0
Liberia,2019,249.0
Liberia,2018,257.0
Liberia,2017,268.0
Liberia,2016,279.0
Liberia,2015,289.0
Liberia,2014,302.0
Liberia,2013,315.0
Liberia,2012,324.0
Liberia,2011,328.0
Liberia,2010,331.0
Liberia,2009,329.0
Liberia,2008,320.0
Liberia,2007,305.0
Liberia,2006,288.0
Liberia,2005,268.0
Liberia,2004,244.0
Liberia,2003,216.0
Liberia,2002,186.0
Liberia,2001,152.0
Liberia,2000,115.0
Libya,2024,63.0
Libya,2023,57.0
Libya,2022,52.0
Libya,2021,47.0
Libya,2020,43.0
Libya,2019,40.0
Libya,2018,37.0
Libya,2017,34.0
Libya,2016,32.0
Libya,2015,32.0
Libya,2014,33.0
Libya,2013,35.0
Libya,2012,38.0
Libya,2011,43.0
Libya,2010,49.0
Libya,2009,53.0
Libya,2008,57.0
Libya,2007,60.0
Libya,2006,63.0
Libya,2005,64.0
Libya,2004,65.0
Libya,2003,64.0
Libya,2002,63.0
Libya,2001,62.0
Libya,2000,59.0
Lithuania,2024,31.0
Lithuania,2023,34.0
Lithuania,2022,35.0
Lithuania,2021,31.0
Lithuania,2020,34.0
Lithuania,2019,50.0
Lithuania,2018,54.0
Lithuania,2017,65.0
Lithuania,2016,70.0
Lithuania,2015,73.0
Lithuania,2014,79.0
Lithuania,2013,85.0
Lithuania,2012,91.0
Lithuania,2011,99.0
Lithuania,2010,100.0
Lithuania,2009,109.0
Lithuania,2008,122.0
Lithuania,2007,132.0
Lithuania,2006,142.0
Lithuania,2005,128.0
Lithuania,2004,125.0
Lithuania,2003,164.0
Lithuania,2002,156.0
Lithuania,2001,172.0
Lithuania,2000,181.0
Luxembourg,2024,7.5
Luxembourg,2023,7.6
Luxembourg,2022,8.7
Luxembourg,2021,6.4
Luxembourg,2020,6.0
Luxembourg,2019,9.0
Luxembourg,2018,8.1
Luxembourg,2017,6.3
Luxembourg,2016,5.9
Luxembourg,2015,6.3
Luxembourg,2014,5.3
Luxembourg,2013,8.7
Luxembourg,2012,11.0
Luxembourg,2011,6.2
Luxembourg,2010,7.5
Luxembourg,2009,7.1
Luxembourg,2008,7.6
Luxembourg,2007,11.0
Luxembourg,2006,9.4
Luxembourg,2005,11.0
Luxembourg,2004,9.2
Luxembourg,2003,16.0
Luxembourg,2002,9.5
Luxembourg,2001,9.7
Luxembourg,2000,14.0
"Macao SAR, China",2024,59.0
"Macao SAR, China",2023,68.0
"Macao SAR, China",2022,64.0
"Macao SAR, China",2021,75.0
"Macao SAR, China",2020,82.0
"Macao SAR, China",2019,84.0
"Macao SAR, China",2018,77.0
"Macao SAR, China",2017,92.0
"Macao SAR, China",2016,89.0
"Macao SAR, China",2015,96.0
"Macao SAR, China",2014,106.0
"Macao SAR, China",2013,121.0
"Macao SAR, China",2012,117.0
"Macao SAR, China",2011,114.0
"Macao SAR, China",2010,123.0
"Macao SAR, China",2009,114.0
"Macao SAR, China",2008,139.0
"Macao SAR, China",2007,144.0
"Macao SAR, China",2006,166.0
"Macao SAR, China",2005,172.0
"Macao SAR, China",2004,153.0
"Macao SAR, China",2003,179.0
"Macao SAR, China",2002,195.0
"Macao SAR, China",2001,245.0
"Macao SAR, China",2000,247.0
Madagascar,2024,224.0
Madagascar,2023,220.0
Madagascar,2022,218.0
Madagascar,2021,216.0
Madagascar,2020,214.0
Madagascar,2019,214.0
Madagascar,2018,214.0
Madagascar,2017,215.0
Madagascar,2016,217.0
Madagascar,2015,219.0
Madagascar,2014,221.0
Madagascar,2013,225.0
Madagascar,2012,227.0
Madagascar,2011,230.0
Madagascar,2010,233.0
Madagascar,2009,235.0
Madagascar,2008,236.0
Madagascar,2007,236.0
Madagascar,2006,236.0
Madagascar,2005,234.0
Madagascar,2004,231.0
Madagascar,2003,226.0
Madagascar,2002,221.0
Madagascar,2001,215.0
Madagascar,2000,207.0
Malawi,2024,113.0
Malawi,2023,119.0
Malawi,2022,125.0
Malawi,2021,132.0
Malawi,2020,138.0
Malawi,2019,146.0
Malawi,2018,153.0
Malawi,2017,162.0
Malawi,2016,176.0
Malawi,2015,197.0
Malawi,2014,228.0
Malawi,2013,261.0
Malawi,2012,291.0
Malawi,2011,316.0
Malawi,2010,338.0
Malawi,2009,356.0
Malawi,2008,371.0
Malawi,2007,383.0
Malawi,2006,392.0
Malawi,2005,398.0
Malawi,2004,402.0
Malawi,2003,403.0
Malawi,2002,401.0
Malawi,2001,395.0
Malawi,2000,386.0
Malaysia,2024,96.0
Malaysia,2023,97.0
Malaysia,2022,98.0
Malaysia,2021,98.0
Malaysia,2020,99.0
Malaysia,2019,100.0
Malaysia,2018,100.0
Malaysia,2017,103.0
Malaysia,2016,106.0
Malaysia,2015,104.0
Malaysia,2014,110.0
Malaysia,2013,112.0
Malaysia,2012,108.0
Malaysia,2011,102.0
Malaysia,2010,100.0
Malaysia,2009,97.0
Malaysia,2008,100.0
Malaysia,2007,98.0
Malaysia,2006,101.0
Malaysia,2005,102.0
Malaysia,2004,107.0
Malaysia,2003,121.0
Malaysia,2002,121.0
Malaysia,2001,136.0
Malaysia,2000,152.0
Maldives,2024,40.0
Maldives,2023,36.0
Maldives,2022,34.0
Maldives,2021,27.0
Maldives,2020,33.0
Maldives,2019,48.0
Maldives,2018,43.0
Maldives,2017,42.0
Maldives,2016,57.0
Maldives,2015,57.0
Maldives,2014,50.0
Maldives,2013,48.0
Maldives,2012,49.0
Maldives,2011,42.0
Maldives,2010,49.0
Maldives,2009,57.0
Maldives,2008,75.0
Maldives,2007,89.0
Maldives,2006,78.0
Maldives,2005,107.0
Maldives,2004,108.0
Maldives,2003,129.0
Maldives,2002,122.0
Maldives,2001,141.0
Maldives,2000,139.0
Mali,2024,51.0
Mali,2023,52.0
Mali,2022,53.0
Mali,2021,54.0
Mali,2020,56.0
Mali,2019,57.0
Mali,2018,59.0
Mali,2017,60.0
Mali,2016,61.0
Mali,2015,63.0
Mali,2014,64.0
Mali,2013,66.0
Mali,2012,68.0
Mali,2011,70.0
Mali,2010,73.0
Mali,2009,75.0
Mali,2008,76.0
Mali,2007,78.0
Mali,2006,78.0
Mali,2005,79.0
Mali,2004,79.0
Mali,2003,79.0
Mali,2002,78.0
Mali,2001,77.0
Mali,2000,76.0
Malta,2024,15.0
Malta,2023,13.0
Malta,2022,11.0
Malta,2021,10.0
Malta,2020,27.0
Malta,2019,19.0
Malta,2018,11.0
Malta,2017,9.0
Malta,2016,11.0
Malta,2015,7.2
Malta,2014,10.0
Malta,2013,12.0
Malta,2012,9.8
Malta,2011,7.1
Malta,2010,6.9
Malta,2009,10.0
Malta,2008,11.0
Malta,2007,9.1
Malta,2006,7.2
Malta,2005,5.3
Malta,2004,4.4
Malta,2003,1.7
Malta,2002,5.9
Malta,2001,4.0
Malta,2000,4.0
Marshall Islands,2024,411.0
Marshall Islands,2023,928.0
Marshall Islands,2022,427.0
Marshall Islands,2021,478.0
Marshall Islands,2020,581.0
Marshall Islands,2019,877.0
Marshall Islands,2018,1610.0
Marshall Islands,2017,745.0
Marshall Islands,2016,649.0
Marshall Islands,2015,498.0
Marshall Islands,2014,509.0
Marshall Islands,2013,532.0
Marshall Islands,2012,517.0
Marshall Islands,2011,498.0
Marshall Islands,2010,700.0
Marshall Islands,2009,541.0
Marshall Islands,2008,508.0
Marshall Islands,2007,683.0
Marshall Islands,2006,643.0
Marshall Islands,2005,552.0
Marshall Islands,2004,594.0
Marshall Islands,2003,311.0
Marshall Islands,2002,270.0
Marshall Islands,2001,304.0
Marshall Islands,2000,190.0
Mauritania,2024,65.0
Mauritania,2023,70.0
Mauritania,2022,75.0
Mauritania,2021,79.0
Mauritania,2020,84.0
Mauritania,2019,89.0
Mauritania,2018,94.0
Mauritania,2017,98.0
Mauritania,2016,102.0
Mauritania,2015,107.0
Mauritania,2014,112.0
Mauritania,2013,118.0
Mauritania,2012,125.0
Mauritania,2011,134.0
Mauritania,2010,145.0
Mauritania,2009,155.0
Mauritania,2008,165.0
Mauritania,2007,176.0
Mauritania,2006,186.0
Mauritania,2005,195.0
Mauritania,2004,203.0
Mauritania,2003,210.0
Mauritania,2002,217.0
Mauritania,2001,224.0
Mauritania,2000,229.0
Mauritius,2024,13.0
Mauritius,2023,12.0
Mauritius,2022,15.0
Mauritius,2021,11.0
Mauritius,2020,12.0
Mauritius,2019,14.0
Mauritius,2018,16.0
Mauritius,2017,14.0
Mauritius,2016,15.0
Mauritius,2015,16.0
Mauritius,2014,16.0
Mauritius,2013,17.0
Mauritius,2012,17.0
Mauritius,2011,16.0
Mauritius,2010,18.0
Mauritius,2009,17.0
Mauritius,2008,17.0
Mauritius,2007,17.0
Mauritius,2006,19.0
Mauritius,2005,22.0
Mauritius,2004,24.0
Mauritius,2003,25.0
Mauritius,2002,26.0
Mauritius,2001,24.0
Mauritius,2000,32.0
Mexico,2024,28.0
Mexico,2023,28.0
Mexico,2022,27.0
Mexico,2021,27.0
Mexico,2020,26.0
Mexico,2019,26.0
Mexico,2018,26.0
Mexico,2017,25.0
Mexico,2016,25.0
Mexico,2015,25.0
Mexico,2014,25.0
Mexico,2013,26.0
Mexico,2012,26.0
Mexico,2011,27.0
Mexico,2010,28.0
Mexico,2009,27.0
Mexico,2008,28.0
Mexico,2007,28.0
Mexico,2006,29.0
Mexico,2005,31.0
Mexico,2004,26.0
Mexico,2003,34.0
Mexico,2002,33.0
Mexico,2001,36.0
Mexico,2000,37.0
"Micronesia, Fed. Sts.",2024,264.0
"Micronesia, Fed. Sts.",2023,397.0
"Micronesia, Fed. Sts.",2022,91.0
"Micronesia, Fed. Sts.",2021,137.0
"Micronesia, Fed. Sts.",2020,178.0
"Micronesia, Fed. Sts.",2019,180.0
"Micronesia, Fed. Sts.",2018,187.0
"Micronesia, Fed. Sts.",2017,262.0
"Micronesia, Fed. Sts.",2016,293.0
"Micronesia, Fed. Sts.",2015,214.0
"Micronesia, Fed. Sts.",2014,391.0
"Micronesia, Fed. Sts.",2013,312.0
"Micronesia, Fed. Sts.",2012,305.0
"Micronesia, Fed. Sts.",2011,317.0
"Micronesia, Fed. Sts.",2010,354.0
"Micronesia, Fed. Sts.",2009,335.0
"Micronesia, Fed. Sts.",2008,388.0
"Micronesia, Fed. Sts.",2007,347.0
"Micronesia, Fed. Sts.",2006,271.0
"Micronesia, Fed. Sts.",2005,271.0
"Micronesia, Fed. Sts.",2004,332.0
"Micronesia, Fed. Sts.",2003,304.0
"Micronesia, Fed. Sts.",2002,372.0
"Micronesia, Fed. Sts.",2001,312.0
"Micronesia, Fed. Sts.",2000,281.0
Moldova,2024,64.0
Moldova,2023,70.0
Moldova,2022,75.0
Moldova,2021,80.0
Moldova,2020,86.0
Moldova,2019,91.0
Moldova,2018,97.0
Moldova,2017,106.0
Moldova,2016,111.0
Moldova,2015,111.0
Moldova,2014,123.0
Moldova,2013,133.0
Moldova,2012,128.0
Moldova,2011,120.0
Moldova,2010,115.0
Moldova,2009,122.0
Moldova,2008,119.0
Moldova,2007,127.0
Moldova,2006,129.0
Moldova,2005,130.0
Moldova,2004,120.0
Moldova,2003,106.0
Moldova,2002,92.0
Moldova,2001,87.0
Moldova,2000,70.0
Monaco,2024,0.82
Monaco,2023,0.86
Monaco,2022,0.91
Monaco,2021,0.0
Monaco,2020,0.0
Monaco,2019,0.0
Monaco,2018,2.6
Monaco,2017,0.0
Monaco,2016,5.4
Monaco,2015,0.0
Monaco,2014,0.0
Monaco,2013,1.2
Monaco,2012,1.2
Monaco,2011,1.1
Monaco,2010,3.0
Monaco,2009,1.0
Monaco,2008,0.97
Monaco,2007,0.9
Monaco,2006,0.82
Monaco,2005,0.73
Monaco,2004,0.63
Monaco,2003,0.53
Monaco,2002,0.0
Monaco,2001,0.0
Monaco,2000,0.0
Mongolia,2024,446.0
Mongolia,2023,448.0
Mongolia,2022,440.0
Mongolia,2021,421.0
Mongolia,2020,418.0
Mongolia,2019,428.0
Mongolia,2018,428.0
Mongolia,2017,428.0
Mongolia,2016,428.0
Mongolia,2015,428.0
Mongolia,2014,428.0
Mongolia,2013,428.0
Mongolia,2012,428.0
Mongolia,2011,428.0
Mongolia,2010,428.0
Mongolia,2009,428.0
Mongolia,2008,428.0
Mongolia,2007,428.0
Mongolia,2006,428.0
Mongolia,2005,428.0
Mongolia,2004,428.0
Mongolia,2003,428.0
Mongolia,2002,428.0
Mongolia,2001,428.0
Mongolia,2000,428.0
Montenegro,2024,16.0
Montenegro,2023,17.0
Montenegro,2022,17.0
Montenegro,2021,17.0
Montenegro,2020,18.0
Montenegro,2019,18.0
Montenegro,2018,19.0
Montenegro,2017,17.0
Montenegro,2016,20.0
Montenegro,2015,19.0
Montenegro,2014,27.0
Montenegro,2013,29.0
Montenegro,2012,24.0
Montenegro,2011,27.0
Montenegro,2010,27.0
Montenegro,2009,29.0
Montenegro,2008,33.0
Montenegro,2007,38.0
Montenegro,2006,43.0
Montenegro,2005,41.0
Morocco,2024,98.0
Morocco,2023,97.0
Morocco,2022,92.0
Morocco,2021,89.0
Morocco,2020,89.0
Morocco,2019,96.0
Morocco,2018,97.0
Morocco,2017,98.0
Morocco,2016,101.0
Morocco,2015,100.0
Morocco,2014,99.0
Morocco,2013,97.0
Morocco,2012,97.0
Morocco,2011,98.0
Morocco,2010,98.0
Morocco,2009,96.0
Morocco,2008,96.0
Morocco,2007,92.0
Morocco,2006,95.0
Morocco,2005,97.0
Morocco,2004,97.0
Morocco,2003,102.0
Morocco,2002,115.0
Morocco,2001,110.0
Morocco,2000,114.0
Mozambique,2024,361.0
Mozambique,2023,361.0
Mozambique,2022,361.0
Mozambique,2021,361.0
Mozambique,2020,361.0
Mozambique,2019,361.0
Mozambique,2018,361.0
Mozambique,2017,361.0
Mozambique,2016,361.0
Mozambique,2015,361.0
Mozambique,2014,361.0
Mozambique,2013,361.0
Mozambique,2012,361.0
Mozambique,2011,359.0
Mozambique,2010,357.0
Mozambique,2009,354.0
Mozambique,2008,351.0
Mozambique,2007,348.0
Mozambique,2006,345.0
Mozambique,2005,342.0
Mozambique,2004,341.0
Mozambique,2003,339.0
Mozambique,2002,339.0
Mozambique,2001,338.0
Mozambique,2000,336.0
Myanmar,2024,482.0
Myanmar,2023,482.0
Myanmar,2022,434.0
Myanmar,2021,353.0
Myanmar,2020,316.0
Myanmar,2019,322.0
Myanmar,2018,338.0
Myanmar,2017,355.0
Myanmar,2016,372.0
Myanmar,2015,391.0
Myanmar,2014,411.0
Myanmar,2013,431.0
Myanmar,2012,453.0
Myanmar,2011,476.0
Myanmar,2010,500.0
Myanmar,2009,525.0
Myanmar,2008,530.0
Myanmar,2007,535.0
Myanmar,2006,540.0
Myanmar,2005,545.0
Myanmar,2004,549.0
Myanmar,2003,552.0
Myanmar,2002,554.0
Myanmar,2001,555.0
Myanmar,2000,555.0
Namibia,2024,422.0
Namibia,2023,432.0
Namibia,2022,441.0
Namibia,2021,441.0
Namibia,2020,450.0
Namibia,2019,486.0
Namibia,2018,524.0
Namibia,2017,565.0
Namibia,2016,604.0
Namibia,2015,639.0
Namibia,2014,674.0
Namibia,2013,710.0
Namibia,2012,754.0
Namibia,2011,815.0
Namibia,2010,892.0
Namibia,2009,974.0
Namibia,2008,1060.0
Namibia,2007,1140.0
Namibia,2006,1210.0
Namibia,2005,1250.0
Namibia,2004,1260.0
Namibia,2003,1240.0
Namibia,2002,1190.0
Namibia,2001,1100.0
Namibia,2000,985.0
Nauru,2024,161.0
Nauru,2023,152.0
Nauru,2022,161.0
Nauru,2021,179.0
Nauru,2020,112.0
Nauru,2019,147.0
Nauru,2018,44.0
Nauru,2017,80.0
Nauru,2016,90.0
Nauru,2015,91.0
Nauru,2014,74.0
Nauru,2013,67.0
Nauru,2012,60.0
Nauru,2011,50.0
Nauru,2010,30.0
Nauru,2009,40.0
Nauru,2008,50.0
Nauru,2007,30.0
Nauru,2006,120.0
Nauru,2005,109.0
Nauru,2004,65.0
Nauru,2003,30.0
Nauru,2002,50.0
Nauru,2001,30.0
Nauru,2000,39.0
Nepal,2024,227.0
Nepal,2023,231.0
Nepal,2022,234.0
Nepal,2021,230.0
Nepal,2020,228.0
Nepal,2019,238.0
Nepal,2018,245.0
Nepal,2017,253.0
Nepal,2016,260.0
Nepal,2015,268.0
Nepal,2014,276.0
Nepal,2013,284.0
Nepal,2012,293.0
Nepal,2011,302.0
Nepal,2010,311.0
Nepal,2009,320.0
Nepal,2008,329.0
Nepal,2007,339.0
Nepal,2006,350.0
Nepal,2005,360.0
Nepal,2004,371.0
Nepal,2003,382.0
Nepal,2002,393.0
Nepal,2001,405.0
Nepal,2000,417.0
Netherlands,2024,4.7
Netherlands,2023,4.5
Netherlands,2022,4.0
Netherlands,2021,4.4
Netherlands,2020,4.0
Netherlands,2019,4.9
Netherlands,2018,5.2
Netherlands,2017,5.2
Netherlands,2016,5.9
Netherlands,2015,5.7
Netherlands,2014,5.5
Netherlands,2013,5.6
Netherlands,2012,6.3
Netherlands,2011,6.6
Netherlands,2010,7.0
Netherlands,2009,7.8
Netherlands,2008,6.7
Netherlands,2007,6.5
Netherlands,2006,7.0
Netherlands,2005,7.9
Netherlands,2004,9.2
Netherlands,2003,9.2
Netherlands,2002,9.6
Netherlands,2001,10.0
Netherlands,2000,8.9
New Caledonia,2024,18.0
New Caledonia,2023,17.0
New Caledonia,2022,17.0
New Caledonia,2021,13.0
New Caledonia,2020,23.0
New Caledonia,2019,13.0
New Caledonia,2018,20.0
New Caledonia,2017,19.0
New Caledonia,2016,21.0
New Caledonia,2015,32.0
New Caledonia,2014,17.0
New Caledonia,2013,26.0
New Caledonia,2012,24.0
New Caledonia,2011,34.0
New Caledonia,2010,33.0
New Caledonia,2009,38.0
New Caledonia,2008,37.0
New Caledonia,2007,37.0
New Caledonia,2006,41.0
New Caledonia,2005,41.0
New Caledonia,2004,55.0
New Caledonia,2003,36.0
New Caledonia,2002,64.0
New Caledonia,2001,63.0
New Caledonia,2000,101.0
New Zealand,2024,7.9
New Zealand,2023,6.7
New Zealand,2022,6.1
New Zealand,2021,7.0
New Zealand,2020,7.3
New Zealand,2019,7.4
New Zealand,2018,7.2
New Zealand,2017,7.3
New Zealand,2016,7.4
New Zealand,2015,7.5
New Zealand,2014,7.9
New Zealand,2013,7.4
New Zealand,2012,8.1
New Zealand,2011,8.5
New Zealand,2010,8.6
New Zealand,2009,8.6
New Zealand,2008,8.6
New Zealand,2007,8.2
New Zealand,2006,10.0
New Zealand,2005,10.0
New Zealand,2004,12.0
New Zealand,2003,14.0
New Zealand,2002,11.0
New Zealand,2001,13.0
New Zealand,2000,12.0
Nicaragua,2024,43.0
Nicaragua,2023,44.0
Nicaragua,2022,45.0
Nicaragua,2021,46.0
Nicaragua,2020,47.0
Nicaragua,2019,49.0
Nicaragua,2018,46.0
Nicaragua,2017,51.0
Nicaragua,2016,54.0
Nicaragua,2015,59.0
Nicaragua,2014,65.0
Nicaragua,2013,70.0
Nicaragua,2012,74.0
Nicaragua,2011,74.0
Nicaragua,2010,70.0
Nicaragua,2009,69.0
Nicaragua,2008,76.0
Nicaragua,2007,80.0
Nicaragua,2006,75.0
Nicaragua,2005,77.0
Nicaragua,2004,94.0
Nicaragua,2003,102.0
Nicaragua,2002,98.0
Nicaragua,2001,120.0
Nicaragua,2000,125.0
Niger,2024,86.0
Niger,2023,83.0
Niger,2022,81.0
Niger,2021,80.0
Niger,2020,81.0
Niger,2019,82.0
Niger,2018,84.0
Niger,2017,88.0
Niger,2016,93.0
Niger,2015,98.0
Niger,2014,104.0
Niger,2013,111.0
Niger,2012,117.0
Niger,2011,122.0
Niger,2010,126.0
Niger,2009,129.0
Niger,2008,130.0
Niger,2007,129.0
Niger,2006,127.0
Niger,2005,123.0
Niger,2004,118.0
Niger,2003,112.0
Niger,2002,103.0
Niger,2001,94.0
Niger,2000,83.0
Nigeria,2024,219.0
Nigeria,2023,219.0
Nigeria,2022,219.0
Nigeria,2021,219.0
Nigeria,2020,219.0
Nigeria,2019,219.0
Nigeria,2018,219.0
Nigeria,2017,219.0
Nigeria,2016,219.0
Nigeria,2015,219.0
Nigeria,2014,219.0
Nigeria,2013,219.0
Nigeria,2012,219.0
Nigeria,2011,219.0
Nigeria,2010,219.0
Nigeria,2009,219.0
Nigeria,2008,219.0
Nigeria,2007,219.0
Nigeria,2006,219.0
Nigeria,2005,219.0
Nigeria,2004,219.0
Nigeria,2003,219.0
Nigeria,2002,219.0
Nigeria,2001,219.0
Nigeria,2000,219.0
North Macedonia,2024,11.0
North Macedonia,2023,11.0
North Macedonia,2022,10.0
North Macedonia,2021,10.0
North Macedonia,2020,10.0
North Macedonia,2019,14.0
North Macedonia,2018,15.0
North Macedonia,2017,15.0
North Macedonia,2016,18.0
North Macedonia,2015,20.0
North Macedonia,2014,20.0
North Macedonia,2013,23.0
North Macedonia,2012,26.0
North Macedonia,2011,26.0
North Macedonia,2010,30.0
North Macedonia,2009,37.0
North Macedonia,2008,37.0
North Macedonia,2007,45.0
North Macedonia,2006,49.0
North Macedonia,2005,54.0
North Macedonia,2004,58.0
North Macedonia,2003,63.0
North Macedonia,2002,62.0
North Macedonia,2001,59.0
North Macedonia,2000,59.0
Northern Mariana Islands,2024,35.0
Northern Mariana Islands,2023,75.0
Northern Mariana Islands,2022,77.0
Northern Mariana Islands,2021,115.0
Northern Mariana Islands,2020,133.0
Northern Mariana Islands,2019,164.0
Northern Mariana Islands,2018,149.0
Northern Mariana Islands,2017,128.0
Northern Mariana Islands,2016,87.0
Northern Mariana Islands,2015,88.0
Northern Mariana Islands,2014,82.0
Northern Mariana Islands,2013,104.0
Northern Mariana Islands,2012,102.0
Northern Mariana Islands,2011,107.0
Northern Mariana Islands,2010,104.0
Northern Mariana Islands,2009,126.0
Northern Mariana Islands,2008,93.0
Northern Mariana Islands,2007,147.0
Northern Mariana Islands,2006,172.0
Northern Mariana Islands,2005,195.0
Northern Mariana Islands,2004,181.0
Northern Mariana Islands,2003,154.0
Northern Mariana Islands,2002,182.0
Northern Mariana Islands,2001,200.0
Northern Mariana Islands,2000,264.0
Norway,2024,3.3
Norway,2023,2.8
Norway,2022,3.2
Norway,2021,3.0
Norway,2020,3.1
Norway,2019,3.3
Norway,2018,4.1
Norway,2017,5.2
Norway,2016,6.1
Norway,2015,6.4
Norway,2014,6.9
Norway,2013,8.3
Norway,2012,8.0
Norway,2011,7.6
Norway,2010,7.1
Norway,2009,8.1
Norway,2008,7.5
Norway,2007,7.3
Norway,2006,7.3
Norway,2005,7.4
Norway,2004,7.8
Norway,2003,9.5
Norway,2002,7.2
Norway,2001,8.5
Norway,2000,7.0
Oman,2024,11.0
Oman,2023,14.0
Oman,2022,11.0
Oman,2021,7.4
Oman,2020,9.9
Oman,2019,11.0
Oman,2018,7.7
Oman,2017,8.7
Oman,2016,12.0
Oman,2015,12.0
Oman,2014,13.0
Oman,2013,13.0
Oman,2012,16.0
Oman,2011,17.0
Oman,2010,17.0
Oman,2009,20.0
Oman,2008,21.0
Oman,2007,21.0
Oman,2006,23.0
Oman,2005,18.0
Oman,2004,21.0
Oman,2003,19.0
Oman,2002,22.0
Oman,2001,22.0
Oman,2000,25.0
Pakistan,2024,266.0
Pakistan,2023,267.0
Pakistan,2022,275.0
Pakistan,2021,270.0
Pakistan,2020,260.0
Pakistan,2019,263.0
Pakistan,2018,265.0
Pakistan,2017,267.0
Pakistan,2016,268.0
Pakistan,2015,270.0
Pakistan,2014,270.0
Pakistan,2013,275.0
Pakistan,2012,276.0
Pakistan,2011,276.0
Pakistan,2010,276.0
Pakistan,2009,276.0
Pakistan,2008,276.0
Pakistan,2007,276.0
Pakistan,2006,276.0
Pakistan,2005,276.0
Pakistan,2004,276.0
Pakistan,2003,276.0
Pakistan,2002,275.0
Pakistan,2001,275.0
Pakistan,2000,275.0
Palau,2024,28.0
Palau,2023,85.0
Palau,2022,39.0
Palau,2021,45.0
Palau,2020,56.0
Palau,2019,34.0
Palau,2018,95.0
Palau,2017,112.0
Palau,2016,129.0
Palau,2015,79.0
Palau,2014,79.0
Palau,2013,45.0
Palau,2012,23.0
Palau,2011,66.0
Palau,2010,103.0
Palau,2009,102.0
Palau,2008,79.0
Palau,2007,57.0
Palau,2006,61.0
Palau,2005,50.0
Palau,2004,25.0
Palau,2003,46.0
Palau,2002,56.0
Palau,2001,55.0
Palau,2000,56.0
Panama,2024,63.0
Panama,2023,61.0
Panama,2022,49.0
Panama,2021,43.0
Panama,2020,34.0
Panama,2019,39.0
Panama,2018,54.0
Panama,2017,61.0
Panama,2016,61.0
Panama,2015,58.0
Panama,2014,52.0
Panama,2013,54.0
Panama,2012,58.0
Panama,2011,64.0
Panama,2010,62.0
Panama,2009,64.0
Panama,2008,71.0
Panama,2007,72.0
Panama,2006,76.0
Panama,2005,79.0
Panama,2004,86.0
Panama,2003,85.0
Panama,2002,87.0
Panama,2001,99.0
Panama,2000,71.0
Papua New Guinea,2024,664.0
Papua New Guinea,2023,647.0
Papua New Guinea,2022,632.0
Papua New Guinea,2021,622.0
Papua New Guinea,2020,616.0
Papua New Guinea,2019,614.0
Papua New Guinea,2018,611.0
Papua New Guinea,2017,616.0
Papua New Guinea,2016,626.0
Papua New Guinea,2015,629.0
Papua New Guinea,2014,611.0
Papua New Guinea,2013,582.0
Papua New Guinea,2012,563.0
Papua New Guinea,2011,547.0
Papua New Guinea,2010,528.0
Papua New Guinea,2009,527.0
Papua New Guinea,2008,549.0
Papua New Guinea,2007,584.0
Papua New Guinea,2006,628.0
Papua New Guinea,2005,679.0
Papua New Guinea,2004,741.0
Papua New Guinea,2003,810.0
Papua New Guinea,2002,887.0
Papua New Guinea,2001,972.0
Papua New Guinea,2000,1060.0
Paraguay,2024,81.0
Paraguay,2023,76.0
Paraguay,2022,67.0
Paraguay,2021,57.0
Paraguay,2020,50.0
Paraguay,2019,60.0
Paraguay,2018,56.0
Paraguay,2017,57.0
Paraguay,2016,55.0
Paraguay,2015,55.0
Paraguay,2014,54.0
Paraguay,2013,56.0
Paraguay,2012,62.0
Paraguay,2011,62.0
Paraguay,2010,62.0
Paraguay,2009,67.0
Paraguay,2008,67.0
Paraguay,2007,72.0
Paraguay,2006,82.0
Paraguay,2005,77.0
Paraguay,2004,88.0
Paraguay,2003,92.0
Paraguay,2002,91.0
Paraguay,2001,96.0
Paraguay,2000,98.0
Peru,2024,139.0
Peru,2023,149.0
Peru,2022,149.0
Peru,2021,137.0
Peru,2020,128.0
Peru,2019,131.0
Peru,2018,132.0
Peru,2017,128.0
Peru,2016,129.0
Peru,2015,131.0
Peru,2014,136.0
Peru,2013,139.0
Peru,2012,143.0
Peru,2011,155.0
Peru,2010,159.0
Peru,2009,171.0
Peru,2008,182.0
Peru,2007,194.0
Peru,2006,218.0
Peru,2005,228.0
Peru,2004,240.0
Peru,2003,245.0
Peru,2002,295.0
Peru,2001,327.0
Peru,2000,367.0
Philippines,2024,625.0
Philippines,2023,632.0
Philippines,2022,627.0
Philippines,2021,579.0
Philippines,2020,544.0
Philippines,2019,554.0
Philippines,2018,554.0
Philippines,2017,554.0
Philippines,2016,554.0
Philippines,2015,550.0
Philippines,2014,546.0
Philippines,2013,543.0
Philippines,2012,539.0
Philippines,2011,535.0
Philippines,2010,531.0
Philippines,2009,528.0
Philippines,2008,524.0
Philippines,2007,520.0
Philippines,2006,530.0
Philippines,2005,539.0
Philippines,2004,549.0
Philippines,2003,559.0
Philippines,2002,569.0
Philippines,2001,579.0
Philippines,2000,590.0
Poland,2024,11.0
Poland,2023,13.0
Poland,2022,13.0
Poland,2021,11.0
Poland,2020,10.0
Poland,2019,16.0
Poland,2018,17.0
Poland,2017,18.0
Poland,2016,20.0
Poland,2015,21.0
Poland,2014,22.0
Poland,2013,24.0
Poland,2012,24.0
Poland,2011,28.0
Poland,2010,25.0
Poland,2009,28.0
Poland,2008,27.0
Poland,2007,30.0
Poland,2006,30.0
Poland,2005,31.0
Poland,2004,34.0
Poland,2003,40.0
Poland,2002,41.0
Poland,2001,42.0
Poland,2000,46.0
Portugal,2024,15.0
Portugal,2023,16.0
Portugal,2022,16.0
Portugal,2021,16.0
Portugal,2020,15.0
Portugal,2019,19.0
Portugal,2018,20.0
Portugal,2017,19.0
Portugal,2016,20.0
Portugal,2015,23.0
Portugal,2014,24.0
Portugal,2013,26.0
Portugal,2012,28.0
Portugal,2011,28.0
Portugal,2010,30.0
Portugal,2009,32.0
Portugal,2008,33.0
Portugal,2007,35.0
Portugal,2006,39.0
Portugal,2005,41.0
Portugal,2004,46.0
Portugal,2003,52.0
Portugal,2002,58.0
Portugal,2001,59.0
Portugal,2000,59.0
Puerto Rico (US),2024,0.55
Puerto Rico (US),2023,0.81
Puerto Rico (US),2022,0.86
Puerto Rico (US),2021,0.69
Puerto Rico (US),2020,1.1
Puerto Rico (US),2019,1.4
Puerto Rico (US),2018,1.0
Puerto Rico (US),2017,1.5
Puerto Rico (US),2016,2.5
Puerto Rico (US),2015,2.0
Puerto Rico (US),2014,1.7
Puerto Rico (US),2013,1.9
Puerto Rico (US),2012,2.8
Puerto Rico (US),2011,2.0
Puerto Rico (US),2010,3.2
Puerto Rico (US),2009,2.6
Puerto Rico (US),2008,3.9
Puerto Rico (US),2007,4.2
Puerto Rico (US),2006,4.9
Puerto Rico (US),2005,5.0
Puerto Rico (US),2004,5.7
Puerto Rico (US),2003,5.6
Puerto Rico (US),2002,6.5
Puerto Rico (US),2001,6.4
Puerto Rico (US),2000,9.8
Qatar,2024,37.0
Qatar,2023,40.0
Qatar,2022,40.0
Qatar,2021,46.0
Qatar,2020,41.0
Qatar,2019,42.0
Qatar,2018,38.0
Qatar,2017,31.0
Qatar,2016,27.0
Qatar,2015,31.0
Qatar,2014,30.0
Qatar,2013,43.0
Qatar,2012,58.0
Qatar,2011,47.0
Qatar,2010,54.0
Qatar,2009,66.0
Qatar,2008,71.0
Qatar,2007,63.0
Qatar,2006,72.0
Qatar,2005,88.0
Qatar,2004,79.0
Qatar,2003,84.0
Qatar,2002,89.0
Qatar,2001,95.0
Qatar,2000,99.0
Romania,2024,60.0
Romania,2023,62.0
Romania,2022,64.0
Romania,2021,67.0
Romania,2020,70.0
Romania,2019,73.0
Romania,2018,76.0
Romania,2017,81.0
Romania,2016,84.0
Romania,2015,94.0
Romania,2014,99.0
Romania,2013,104.0
Romania,2012,109.0
Romania,2011,116.0
Romania,2010,127.0
Romania,2009,141.0
Romania,2008,148.0
Romania,2007,154.0
Romania,2006,165.0
Romania,2005,177.0
Romania,2004,194.0
Romania,2003,202.0
Romania,2002,203.0
Romania,2001,196.0
Romania,2000,189.0
Russian Federation,2024,34.0
Russian Federation,2023,38.0
Russian Federation,2022,39.0
Russian Federation,2021,47.0
Russian Federation,2020,49.0
Russian Federation,2019,50.0
Russian Federation,2018,54.0
Russian Federation,2017,59.0
Russian Federation,2016,63.0
Russian Federation,2015,67.0
Russian Federation,2014,70.0
Russian Federation,2013,73.0
Russian Federation,2012,77.0
Russian Federation,2011,81.0
Russian Federation,2010,85.0
Russian Federation,2009,89.0
Russian Federation,2008,90.0
Russian Federation,2007,90.0
Russian Federation,2006,88.0
Russian Federation,2005,88.0
Russian Federation,2004,87.0
Russian Federation,2003,88.0
Russian Federation,2002,90.0
Russian Federation,2001,92.0
Russian Federation,2000,95.0
Rwanda,2024,62.0
Rwanda,2023,62.0
Rwanda,2022,62.0
Rwanda,2021,63.0
Rwanda,2020,63.0
Rwanda,2019,63.0
Rwanda,2018,64.0
Rwanda,2017,65.0
Rwanda,2016,65.0
Rwanda,2015,66.0
Rwanda,2014,68.0
Rwanda,2013,70.0
Rwanda,2012,72.0
Rwanda,2011,76.0
Rwanda,2010,82.0
Rwanda,2009,90.0
Rwanda,2008,99.0
Rwanda,2007,110.0
Rwanda,2006,123.0
Rwanda,2005,138.0
Rwanda,2004,155.0
Rwanda,2003,173.0
Rwanda,2002,193.0
Rwanda,2001,215.0
Rwanda,2000,238.0
Samoa,2024,5.5
Samoa,2023,6.0
Samoa,2022,4.2
Samoa,2021,6.1
Samoa,2020,6.1
Samoa,2019,8.6
Samoa,2018,5.3
Samoa,2017,15.0
Samoa,2016,6.4
Samoa,2015,9.4
Samoa,2014,11.0
Samoa,2013,11.0
Samoa,2012,11.0
Samoa,2011,10.0
Samoa,2010,7.3
Samoa,2009,8.4
Samoa,2008,6.3
Samoa,2007,11.0
Samoa,2006,13.0
Samoa,2005,13.0
Samoa,2004,18.0
Samoa,2003,15.0
Samoa,2002,17.0
Samoa,2001,12.0
Samoa,2000,24.0
San Marino,2024,0.0
San Marino,2023,0.0
San Marino,2022,0.0
San Marino,2021,0.0
San Marino,2020,0.0
San Marino,2019,0.0
San Marino,2018,0.0
San Marino,2017,0.0
San Marino,2016,0.0
San Marino,2015,0.0
San Marino,2014,0.0
San Marino,2013,0.0
San Marino,2012,0.0
San Marino,2011,0.0
San Marino,2010,0.0
San Marino,2009,0.0
San Marino,2008,0.0
San Marino,2007,0.0
San Marino,2006,0.0
San Marino,2005,0.0
San Marino,2004,0.0
San Marino,2003,3.6
San Marino,2002,3.6
San Marino,2001,0.0
San Marino,2000,3.7
Sao Tome and Principe,2024,87.0
Sao Tome and Principe,2023,73.0
Sao Tome and Principe,2022,87.0
Sao Tome and Principe,2021,59.0
Sao Tome and Principe,2020,69.0
Sao Tome and Principe,2019,108.0
Sao Tome and Principe,2018,123.0
Sao Tome and Principe,2017,122.0
Sao Tome and Principe,2016,175.0
Sao Tome and Principe,2015,175.0
Sao Tome and Principe,2014,163.0
Sao Tome and Principe,2013,159.0
Sao Tome and Principe,2012,131.0
Sao Tome and Principe,2011,163.0
Sao Tome and Principe,2010,153.0
Sao Tome and Principe,2009,107.0
Sao Tome and Principe,2008,101.0
Sao Tome and Principe,2007,151.0
Sao Tome and Principe,2006,273.0
Sao Tome and Principe,2005,268.0
Sao Tome and Principe,2004,252.0
Sao Tome and Principe,2003,237.0
Sao Tome and Principe,2002,220.0
Sao Tome and Principe,2001,241.0
Sao Tome and Principe,2000,254.0
Saudi Arabia,2024,8.4
Saudi Arabia,2023,8.4
Saudi Arabia,2022,8.8
Saudi Arabia,2021,9.0
Saudi Arabia,2020,8.7
Saudi Arabia,2019,11.0
Saudi Arabia,2018,11.0
Saudi Arabia,2017,10.0
Saudi Arabia,2016,10.0
Saudi Arabia,2015,12.0
Saudi Arabia,2014,12.0
Saudi Arabia,2013,13.0
Saudi Arabia,2012,15.0
Saudi Arabia,2011,17.0
Saudi Arabia,2010,20.0
Saudi Arabia,2009,18.0
Saudi Arabia,2008,19.0
Saudi Arabia,2007,19.0
Saudi Arabia,2006,19.0
Saudi Arabia,2005,19.0
Saudi Arabia,2004,19.0
Saudi Arabia,2003,19.0
Saudi Arabia,2002,21.0
Saudi Arabia,2001,21.0
Saudi Arabia,2000,23.0
Senegal,2024,132.0
Senegal,2023,133.0
Senegal,2022,134.0
Senegal,2021,136.0
Senegal,2020,139.0
Senegal,2019,143.0
Senegal,2018,147.0
Senegal,2017,152.0
Senegal,2016,159.0
Senegal,2015,165.0
Senegal,2014,170.0
Senegal,2013,174.0
Senegal,2012,177.0
Senegal,2011,179.0
Senegal,2010,181.0
Senegal,2009,182.0
Senegal,2008,184.0
Senegal,2007,185.0
Senegal,2006,185.0
Senegal,2005,185.0
Senegal,2004,184.0
Senegal,2003,182.0
Senegal,2002,180.0
Senegal,2001,177.0
Senegal,2000,173.0
Serbia,2024,8.7
Serbia,2023,20.0
Serbia,2022,17.0
Serbia,2021,19.0
Serbia,2020,21.0
Serbia,2019,21.0
Serbia,2018,26.0
Serbia,2017,29.0
Serbia,2016,29.0
Serbia,2015,33.0
Serbia,2014,37.0
Serbia,2013,43.0
Serbia,2012,39.0
Serbia,2011,47.0
Serbia,2010,51.0
Serbia,2009,55.0
Serbia,2008,59.0
Serbia,2007,63.0
Serbia,2006,68.0
Serbia,2005,69.0
Seychelles,2024,17.0
Seychelles,2023,18.0
Seychelles,2022,13.0
Seychelles,2021,8.9
Seychelles,2020,7.5
Seychelles,2019,12.0
Seychelles,2018,13.0
Seychelles,2017,14.0
Seychelles,2016,11.0
Seychelles,2015,7.5
Seychelles,2014,12.0
Seychelles,2013,24.0
Seychelles,2012,20.0
Seychelles,2011,22.0
Seychelles,2010,18.0
Seychelles,2009,16.0
Seychelles,2008,6.5
Seychelles,2007,19.0
Seychelles,2006,19.0
Seychelles,2005,16.0
Seychelles,2004,20.0
Seychelles,2003,11.0
Seychelles,2002,34.0
Seychelles,2001,22.0
Seychelles,2000,24.0
Sierra Leone,2024,372.0
Sierra Leone,2023,380.0
Sierra Leone,2022,388.0
Sierra Leone,2021,395.0
Sierra Leone,2020,403.0
Sierra Leone,2019,412.0
Sierra Leone,2018,420.0
Sierra Leone,2017,429.0
Sierra Leone,2016,437.0
Sierra Leone,2015,446.0
Sierra Leone,2014,455.0
Sierra Leone,2013,465.0
Sierra Leone,2012,474.0
Sierra Leone,2011,484.0
Sierra Leone,2010,494.0
Sierra Leone,2009,504.0
Sierra Leone,2008,514.0
Sierra Leone,2007,525.0
Sierra Leone,2006,535.0
Sierra Leone,2005,546.0
Sierra Leone,2004,557.0
Sierra Leone,2003,569.0
Sierra Leone,2002,580.0
Sierra Leone,2001,592.0
Sierra Leone,2000,604.0
Singapore,2024,43.0
Singapore,2023,41.0
Singapore,2022,53.0
Singapore,2021,50.0
Singapore,2020,47.0
Singapore,2019,42.0
Singapore,2018,47.0
Singapore,2017,48.0
Singapore,2016,51.0
Singapore,2015,46.0
Singapore,2014,47.0
Singapore,2013,48.0
Singapore,2012,53.0
Singapore,2011,39.0
Singapore,2010,39.0
Singapore,2009,40.0
Singapore,2008,45.0
Singapore,2007,43.0
Singapore,2006,45.0
Singapore,2005,51.0
Singapore,2004,55.0
Singapore,2003,63.0
Singapore,2002,62.0
Singapore,2001,65.0
Singapore,2000,77.0
Sint Maarten (Dutch part),2024,6.9
Sint Maarten (Dutch part),2023,7.0
Sint Maarten (Dutch part),2022,4.7
Sint Maarten (Dutch part),2021,2.4
Sint Maarten (Dutch part),2020,2.4
Sint Maarten (Dutch part),2019,17.0
Sint Maarten (Dutch part),2018,5.0
Sint Maarten (Dutch part),2017,13.0
Sint Maarten (Dutch part),2016,0.0
Sint Maarten (Dutch part),2015,5.3
Sint Maarten (Dutch part),2014,0.0
Sint Maarten (Dutch part),2013,5.6
Sint Maarten (Dutch part),2012,2.9
Sint Maarten (Dutch part),2011,5.8
Sint Maarten (Dutch part),2010,8.9
Slovak Republic,2024,3.3
Slovak Republic,2023,4.6
Slovak Republic,2022,3.2
Slovak Republic,2021,3.0
Slovak Republic,2020,3.4
Slovak Republic,2019,4.8
Slovak Republic,2018,6.1
Slovak Republic,2017,5.0
Slovak Republic,2016,6.3
Slovak Republic,2015,7.0
Slovak Republic,2014,7.5
Slovak Republic,2013,9.5
Slovak Republic,2012,7.8
Slovak Republic,2011,9.4
Slovak Republic,2010,10.0
Slovak Republic,2009,12.0
Slovak Republic,2008,15.0
Slovak Republic,2007,16.0
Slovak Republic,2006,18.0
Slovak Republic,2005,19.0
Slovak Republic,2004,18.0
Slovak Republic,2003,28.0
Slovak Republic,2002,29.0
Slovak Republic,2001,30.0
Slovak Republic,2000,32.0
Slovenia,2024,2.6
Slovenia,2023,4.7
Slovenia,2022,4.0
Slovenia,2021,4.4
Slovenia,2020,4.2
Slovenia,2019,5.5
Slovenia,2018,5.6
Slovenia,2017,6.5
Slovenia,2016,7.0
Slovenia,2015,7.8
Slovenia,2014,8.7
Slovenia,2013,8.6
Slovenia,2012,8.4
Slovenia,2011,12.0
Slovenia,2010,11.0
Slovenia,2009,12.0
Slovenia,2008,14.0
Slovenia,2007,15.0
Slovenia,2006,15.0
Slovenia,2005,19.0
Slovenia,2004,18.0
Slovenia,2003,20.0
Slovenia,2002,24.0
Slovenia,2001,26.0
Slovenia,2000,27.0
Solomon Islands,2024,123.0
Solomon Islands,2023,97.0
Solomon Islands,2022,97.0
Solomon Islands,2021,108.0
Solomon Islands,2020,97.0
Solomon Islands,2019,111.0
Solomon Islands,2018,124.0
Solomon Islands,2017,124.0
Solomon Islands,2016,141.0
Solomon Islands,2015,155.0
Solomon Islands,2014,137.0
Solomon Islands,2013,153.0
Solomon Islands,2012,165.0
Solomon Islands,2011,195.0
Solomon Islands,2010,177.0
Solomon Islands,2009,209.0
Solomon Islands,2008,239.0
Solomon Islands,2007,266.0
Solomon Islands,2006,271.0
Solomon Islands,2005,317.0
Solomon Islands,2004,280.0
Solomon Islands,2003,249.0
Solomon Islands,2002,224.0
Solomon Islands,2001,264.0
Solomon Islands,2000,282.0
"Somalia, Fed. Rep.",2024,151.0
"Somalia, Fed. Rep.",2023,157.0
"Somalia, Fed. Rep.",2022,162.0
"Somalia, Fed. Rep.",2021,167.0
"Somalia, Fed. Rep.",2020,171.0
"Somalia, Fed. Rep.",2019,175.0
"Somalia, Fed. Rep.",2018,179.0
"Somalia, Fed. Rep.",2017,182.0
"Somalia, Fed. Rep.",2016,184.0
"Somalia, Fed. Rep.",2015,187.0
"Somalia, Fed. Rep.",2014,188.0
"Somalia, Fed. Rep.",2013,187.0
"Somalia, Fed. Rep.",2012,192.0
"Somalia, Fed. Rep.",2011,204.0
"Somalia, Fed. Rep.",2010,220.0
"Somalia, Fed. Rep.",2009,238.0
"Somalia, Fed. Rep.",2008,261.0
"Somalia, Fed. Rep.",2007,287.0
"Somalia, Fed. Rep.",2006,308.0
"Somalia, Fed. Rep.",2005,323.0
"Somalia, Fed. Rep.",2004,336.0
"Somalia, Fed. Rep.",2003,345.0
"Somalia, Fed. Rep.",2002,351.0
"Somalia, Fed. Rep.",2001,354.0
"Somalia, Fed. Rep.",2000,352.0
South Africa,2024,389.0
South Africa,2023,427.0
South Africa,2022,468.0
South Africa,2021,513.0
South Africa,2020,562.0
South Africa,2019,615.0
South Africa,2018,677.0
South Africa,2017,738.0
South Africa,2016,805.0
South Africa,2015,988.0
South Africa,2014,1070.0
South Africa,2013,1110.0
South Africa,2012,1160.0
South Africa,2011,1200.0
South Africa,2010,1230.0
South Africa,2009,1260.0
South Africa,2008,1270.0
South Africa,2007,1270.0
South Africa,2006,1250.0
South Africa,2005,1210.0
South Africa,2004,1150.0
South Africa,2003,1070.0
South Africa,2002,971.0
South Africa,2001,867.0
South Africa,2000,762.0
South Sudan,2024,320.0
South Sudan,2023,326.0
South Sudan,2022,333.0
South Sudan,2021,339.0
South Sudan,2020,346.0
South Sudan,2019,353.0
South Sudan,2018,361.0
South Sudan,2017,368.0
South Sudan,2016,376.0
South Sudan,2015,383.0
South Sudan,2014,391.0
South Sudan,2013,399.0
South Sudan,2012,407.0
South Sudan,2011,415.0
Spain,2024,7.9
Spain,2023,9.7
Spain,2022,6.3
Spain,2021,8.2
Spain,2020,7.2
Spain,2019,10.0
Spain,2018,11.0
Spain,2017,11.0
Spain,2016,12.0
Spain,2015,10.0
Spain,2014,12.0
Spain,2013,14.0
Spain,2012,15.0
Spain,2011,17.0
Spain,2010,19.0
Spain,2009,20.0
Spain,2008,22.0
Spain,2007,22.0
Spain,2006,24.0
Spain,2005,23.0
Spain,2004,20.0
Spain,2003,33.0
Spain,2002,26.0
Spain,2001,25.0
Spain,2000,30.0
Sri Lanka,2024,59.0
Sri Lanka,2023,57.0
Sri Lanka,2022,56.0
Sri Lanka,2021,55.0
Sri Lanka,2020,55.0
Sri Lanka,2019,57.0
Sri Lanka,2018,58.0
Sri Lanka,2017,61.0
Sri Lanka,2016,66.0
Sri Lanka,2015,70.0
Sri Lanka,2014,74.0
Sri Lanka,2013,78.0
Sri Lanka,2012,82.0
Sri Lanka,2011,85.0
Sri Lanka,2010,88.0
Sri Lanka,2009,92.0
Sri Lanka,2008,96.0
Sri Lanka,2007,101.0
Sri Lanka,2006,106.0
Sri Lanka,2005,112.0
Sri Lanka,2004,118.0
Sri Lanka,2003,125.0
Sri Lanka,2002,132.0
Sri Lanka,2001,140.0
Sri Lanka,2000,148.0
St. Kitts and Nevis,2024,1.1
St. Kitts and Nevis,2023,2.1
St. Kitts and Nevis,2022,1.8
St. Kitts and Nevis,2021,0.0
St. Kitts and Nevis,2020,4.3
St. Kitts and Nevis,2019,4.3
St. Kitts and Nevis,2018,0.0
St. Kitts and Nevis,2017,2.1
St. Kitts and Nevis,2016,0.0
St. Kitts and Nevis,2015,4.2
St. Kitts and Nevis,2014,15.0
St. Kitts and Nevis,2013,0.0
St. Kitts and Nevis,2012,4.3
St. Kitts and Nevis,2011,2.1
St. Kitts and Nevis,2010,4.3
St. Kitts and Nevis,2009,8.5
St. Kitts and Nevis,2008,11.0
St. Kitts and Nevis,2007,8.6
St. Kitts and Nevis,2006,2.1
St. Kitts and Nevis,2005,0.0
St. Kitts and Nevis,2004,4.3
St. Kitts and Nevis,2003,2.2
St. Kitts and Nevis,2002,6.5
St. Kitts and Nevis,2001,4.4
St. Kitts and Nevis,2000,0.0
St. Lucia,2024,0.56
St. Lucia,2023,1.1
St. Lucia,2022,1.1
St. Lucia,2021,2.2
St. Lucia,2020,4.5
St. Lucia,2019,3.4
St. Lucia,2018,2.8
St. Lucia,2017,6.2
St. Lucia,2016,1.7
St. Lucia,2015,8.0
St. Lucia,2014,3.4
St. Lucia,2013,5.2
St. Lucia,2012,6.4
St. Lucia,2011,4.1
St. Lucia,2010,5.3
St. Lucia,2009,5.9
St. Lucia,2008,12.0
St. Lucia,2007,11.0
St. Lucia,2006,9.0
St. Lucia,2005,8.5
St. Lucia,2004,9.1
St. Lucia,2003,9.2
St. Lucia,2002,11.0
St. Lucia,2001,9.4
St. Lucia,2000,5.7
St. Vincent and the Grenadines,2024,4.6
St. Vincent and the Grenadines,2023,3.9
St. Vincent and the Grenadines,2022,4.9
St. Vincent and the Grenadines,2021,4.9
St. Vincent and the Grenadines,2020,13.0
St. Vincent and the Grenadines,2019,3.8
St. Vincent and the Grenadines,2018,5.7
St. Vincent and the Grenadines,2017,1.9
St. Vincent and the Grenadines,2016,5.6
St. Vincent and the Grenadines,2015,6.5
St. Vincent and the Grenadines,2014,4.6
St. Vincent and the Grenadines,2013,2.8
St. Vincent and the Grenadines,2012,28.0
St. Vincent and the Grenadines,2011,16.0
St. Vincent and the Grenadines,2010,14.0
St. Vincent and the Grenadines,2009,8.1
St. Vincent and the Grenadines,2008,11.0
St. Vincent and the Grenadines,2007,11.0
St. Vincent and the Grenadines,2006,12.0
St. Vincent and the Grenadines,2005,6.2
St. Vincent and the Grenadines,2004,7.1
St. Vincent and the Grenadines,2003,12.0
St. Vincent and the Grenadines,2002,8.8
St. Vincent and the Grenadines,2001,8.8
St. Vincent and the Grenadines,2000,14.0
Sudan,2024,47.0
Sudan,2023,50.0
Sudan,2022,54.0
Sudan,2021,58.0
Sudan,2020,62.0
Sudan,2019,67.0
Sudan,2018,71.0
Sudan,2017,77.0
Sudan,2016,82.0
Sudan,2015,88.0
Sudan,2014,94.0
Sudan,2013,100.0
Sudan,2012,103.0
Sudan,2011,105.0
Sudan,2010,119.0
Sudan,2009,121.0
Sudan,2008,116.0
Sudan,2007,144.0
Sudan,2006,146.0
Sudan,2005,143.0
Sudan,2004,142.0
Sudan,2003,138.0
Sudan,2002,139.0
Sudan,2001,139.0
Sudan,2000,148.0
Suriname,2024,34.0
Suriname,2023,31.0
Suriname,2022,32.0
Suriname,2021,23.0
Suriname,2020,25.0
Suriname,2019,31.0
Suriname,2018,41.0
Suriname,2017,31.0
Suriname,2016,27.0
Suriname,2015,35.0
Suriname,2014,37.0
Suriname,2013,37.0
Suriname,2012,35.0
Suriname,2011,35.0
Suriname,2010,57.0
Suriname,2009,55.0
Suriname,2008,34.0
Suriname,2007,43.0
Suriname,2006,45.0
Suriname,2005,42.0
Suriname,2004,38.0
Suriname,2003,44.0
Suriname,2002,44.0
Suriname,2001,38.0
Suriname,2000,50.0
Sweden,2024,3.3
Sweden,2023,3.8
Sweden,2022,4.0
Sweden,2021,3.8
Sweden,2020,3.6
Sweden,2019,5.4
Sweden,2018,5.5
Sweden,2017,5.7
Sweden,2016,8.3
Sweden,2015,9.4
Sweden,2014,7.8
Sweden,2013,7.7
Sweden,2012,7.6
Sweden,2011,7.0
Sweden,2010,8.2
Sweden,2009,7.8
Sweden,2008,7.2
Sweden,2007,6.6
Sweden,2006,7.2
Sweden,2005,8.1
Sweden,2004,6.5
Sweden,2003,6.1
Sweden,2002,5.9
Sweden,2001,6.2
Sweden,2000,6.7
Switzerland,2024,5.4
Switzerland,2023,5.4
Switzerland,2022,4.5
Switzerland,2021,4.7
Switzerland,2020,4.7
Switzerland,2019,5.4
Switzerland,2018,6.4
Switzerland,2017,7.3
Switzerland,2016,8.0
Switzerland,2015,7.6
Switzerland,2014,6.2
Switzerland,2013,6.9
Switzerland,2012,6.3
Switzerland,2011,8.1
Switzerland,2010,8.0
Switzerland,2009,8.1
Switzerland,2008,7.6
Switzerland,2007,7.0
Switzerland,2006,8.0
Switzerland,2005,8.9
Switzerland,2004,9.7
Switzerland,2003,10.0
Switzerland,2002,11.0
Switzerland,2001,10.0
Switzerland,2000,11.0
Syrian Arab Republic,2024,23.0
Syrian Arab Republic,2023,23.0
Syrian Arab Republic,2022,22.0
Syrian Arab Republic,2021,24.0
Syrian Arab Republic,2020,20.0
Syrian Arab Republic,2019,21.0
Syrian Arab Republic,2018,22.0
Syrian Arab Republic,2017,24.0
Syrian Arab Republic,2016,27.0
Syrian Arab Republic,2015,26.0
Syrian Arab Republic,2014,31.0
Syrian Arab Republic,2013,23.0
Syrian Arab Republic,2012,24.0
Syrian Arab Republic,2011,29.0
Syrian Arab Republic,2010,30.0
Syrian Arab Republic,2009,35.0
Syrian Arab Republic,2008,34.0
Syrian Arab Republic,2007,41.0
Syrian Arab Republic,2006,42.0
Syrian Arab Republic,2005,49.0
Syrian Arab Republic,2004,56.0
Syrian Arab Republic,2003,62.0
Syrian Arab Republic,2002,65.0
Syrian Arab Republic,2001,73.0
Syrian Arab Republic,2000,79.0
Tajikistan,2024,75.0
Tajikistan,2023,76.0
Tajikistan,2022,77.0
Tajikistan,2021,76.0
Tajikistan,2020,77.0
Tajikistan,2019,80.0
Tajikistan,2018,86.0
Tajikistan,2017,94.0
Tajikistan,2016,102.0
Tajikistan,2015,111.0
Tajikistan,2014,122.0
Tajikistan,2013,135.0
Tajikistan,2012,147.0
Tajikistan,2011,158.0
Tajikistan,2010,170.0
Tajikistan,2009,180.0
Tajikistan,2008,192.0
Tajikistan,2007,203.0
Tajikistan,2006,209.0
Tajikistan,2005,208.0
Tajikistan,2004,203.0
Tajikistan,2003,194.0
Tajikistan,2002,181.0
Tajikistan,2001,163.0
Tajikistan,2000,140.0
Tanzania,2024,172.0
Tanzania,2023,183.0
Tanzania,2022,195.0
Tanzania,2021,208.0
Tanzania,2020,222.0
Tanzania,2019,237.0
Tanzania,2018,253.0
Tanzania,2017,269.0
Tanzania,2016,287.0
Tanzania,2015,306.0
Tanzania,2014,327.0
Tanzania,2013,336.0
Tanzania,2012,378.0
Tanzania,2011,401.0
Tanzania,2010,426.0
Tanzania,2009,452.0
Tanzania,2008,474.0
Tanzania,2007,492.0
Tanzania,2006,504.0
Tanzania,2005,510.0
Tanzania,2004,510.0
Tanzania,2003,510.0
Tanzania,2002,509.0
Tanzania,2001,506.0
Tanzania,2000,503.0
Thailand,2024,146.0
Thailand,2023,149.0
Thailand,2022,148.0
Thailand,2021,143.0
Thailand,2020,144.0
Thailand,2019,150.0
Thailand,2018,153.0
Thailand,2017,156.0
Thailand,2016,160.0
Thailand,2015,163.0
Thailand,2014,167.0
Thailand,2013,170.0
Thailand,2012,172.0
Thailand,2011,176.0
Thailand,2010,181.0
Thailand,2009,188.0
Thailand,2008,196.0
Thailand,2007,205.0
Thailand,2006,215.0
Thailand,2005,224.0
Thailand,2004,232.0
Thailand,2003,240.0
Thailand,2002,244.0
Thailand,2001,245.0
Thailand,2000,241.0
Timor-Leste,2024,496.0
Timor-Leste,2023,455.0
Timor-Leste,2022,422.0
Timor-Leste,2021,398.0
Timor-Leste,2020,381.0
Timor-Leste,2019,373.0
Timor-Leste,2018,374.0
Timor-Leste,2017,384.0
Timor-Leste,2016,403.0
Timor-Leste,2015,437.0
Timor-Leste,2014,483.0
Timor-Leste,2013,530.0
Timor-Leste,2012,574.0
Timor-Leste,2011,621.0
Timor-Leste,2010,671.0
Timor-Leste,2009,723.0
Timor-Leste,2008,779.0
Timor-Leste,2007,837.0
Timor-Leste,2006,894.0
Timor-Leste,2005,952.0
Timor-Leste,2004,1010.0
Timor-Leste,2003,1070.0
Timor-Leste,2002,1140.0
Togo,2024,48.0
Togo,2023,47.0
Togo,2022,47.0
Togo,2021,47.0
Togo,2020,48.0
Togo,2019,49.0
Togo,2018,51.0
Togo,2017,54.0
Togo,2016,58.0
Togo,2015,62.0
Togo,2014,66.0
Togo,2013,72.0
Togo,2012,76.0
Togo,2011,81.0
Togo,2010,86.0
Togo,2009,90.0
Togo,2008,91.0
Togo,2007,91.0
Togo,2006,90.0
Togo,2005,86.0
Togo,2004,82.0
Togo,2003,76.0
Togo,2002,69.0
Togo,2001,61.0
Togo,2000,51.0
Tonga,2024,1.9
Tonga,2023,7.6
Tonga,2022,1.9
Tonga,2021,6.6
Tonga,2020,7.6
Tonga,2019,9.5
Tonga,2018,8.5
Tonga,2017,10.0
Tonga,2016,7.6
Tonga,2015,13.0
Tonga,2014,12.0
Tonga,2013,9.3
Tonga,2012,10.0
Tonga,2011,8.4
Tonga,2010,10.0
Tonga,2009,7.5
Tonga,2008,12.0
Tonga,2007,22.0
Tonga,2006,17.0
Tonga,2005,17.0
Tonga,2004,11.0
Tonga,2003,15.0
Tonga,2002,28.0
Tonga,2001,12.0
Tonga,2000,23.0
Tunisia,2024,39.0
Tunisia,2023,38.0
Tunisia,2022,39.0
Tunisia,2021,40.0
Tunisia,2020,41.0
Tunisia,2019,42.0
Tunisia,2018,43.0
Tunisia,2017,43.0
Tunisia,2016,49.0
Tunisia,2015,50.0
Tunisia,2014,47.0
Tunisia,2013,46.0
Tunisia,2012,51.0
Tunisia,2011,48.0
Tunisia,2010,39.0
Tunisia,2009,36.0
Tunisia,2008,39.0
Tunisia,2007,40.0
Tunisia,2006,38.0
Tunisia,2005,38.0
Tunisia,2004,39.0
Tunisia,2003,42.0
Tunisia,2002,44.0
Tunisia,2001,49.0
Tunisia,2000,57.0
Turkiye,2024,13.0
Turkiye,2023,14.0
Turkiye,2022,15.0
Turkiye,2021,16.0
Turkiye,2020,16.0
Turkiye,2019,17.0
Turkiye,2018,18.0
Turkiye,2017,19.0
Turkiye,2016,20.0
Turkiye,2015,21.0
Turkiye,2014,23.0
Turkiye,2013,25.0
Turkiye,2012,28.0
Turkiye,2011,32.0
Turkiye,2010,35.0
Turkiye,2009,38.0
Turkiye,2008,40.0
Turkiye,2007,44.0
Turkiye,2006,47.0
Turkiye,2005,48.0
Turkiye,2004,44.0
Turkiye,2003,47.0
Turkiye,2002,49.0
Turkiye,2001,49.0
Turkiye,2000,54.0
Turkmenistan,2024,40.0
Turkmenistan,2023,41.0
Turkmenistan,2022,46.0
Turkmenistan,2021,35.0
Turkmenistan,2020,37.0
Turkmenistan,2019,42.0
Turkmenistan,2018,44.0
Turkmenistan,2017,42.0
Turkmenistan,2016,46.0
Turkmenistan,2015,50.0
Turkmenistan,2014,61.0
Turkmenistan,2013,76.0
Turkmenistan,2012,76.0
Turkmenistan,2011,74.0
Turkmenistan,2010,91.0
Turkmenistan,2009,93.0
Turkmenistan,2008,115.0
Turkmenistan,2007,110.0
Turkmenistan,2006,109.0
Turkmenistan,2005,113.0
Turkmenistan,2004,126.0
Turkmenistan,2003,172.0
Turkmenistan,2002,155.0
Turkmenistan,2001,177.0
Turkmenistan,2000,193.0
Turks and Caicos Islands,2024,8.6
Turks and Caicos Islands,2023,15.0
Turks and Caicos Islands,2022,7.6
Turks and Caicos Islands,2021,0.0
Turks and Caicos Islands,2020,5.4
Turks and Caicos Islands,2019,9.3
Turks and Caicos Islands,2018,4.8
Turks and Caicos Islands,2017,10.0
Turks and Caicos Islands,2016,5.2
Turks and Caicos Islands,2015,5.5
Turks and Caicos Islands,2014,2.9
Turks and Caicos Islands,2013,5.9
Turks and Caicos Islands,2012,25.0
Turks and Caicos Islands,2011,29.0
Turks and Caicos Islands,2010,20.0
Turks and Caicos Islands,2009,23.0
Turks and Caicos Islands,2008,25.0
Turks and Caicos Islands,2007,26.0
Turks and Caicos Islands,2006,28.0
Turks and Caicos Islands,2005,26.0
Turks and Caicos Islands,2004,25.0
Turks and Caicos Islands,2003,28.0
Turks and Caicos Islands,2002,15.0
Turks and Caicos Islands,2001,15.0
Turks and Caicos Islands,2000,15.0
Tuvalu,2024,223.0
Tuvalu,2023,163.0
Tuvalu,2022,260.0
Tuvalu,2021,216.0
Tuvalu,2020,288.0
Tuvalu,2019,284.0
Tuvalu,2018,251.0
Tuvalu,2017,212.0
Tuvalu,2016,183.0
Tuvalu,2015,182.0
Tuvalu,2014,137.0
Tuvalu,2013,164.0
Tuvalu,2012,174.0
Tuvalu,2011,111.0
Tuvalu,2010,132.0
Tuvalu,2009,172.0
Tuvalu,2008,165.0
Tuvalu,2007,177.0
Tuvalu,2006,90.0
Tuvalu,2005,121.0
Tuvalu,2004,173.0
Tuvalu,2003,320.0
Tuvalu,2002,135.0
Tuvalu,2001,167.0
Tuvalu,2000,168.0
Uganda,2024,197.0
Uganda,2023,198.0
Uganda,2022,198.0
Uganda,2021,199.0
Uganda,2020,199.0
Uganda,2019,200.0
Uganda,2018,200.0
Uganda,2017,201.0
Uganda,2016,201.0
Uganda,2015,202.0
Uganda,2014,202.0
Uganda,2013,203.0
Uganda,2012,205.0
Uganda,2011,207.0
Uganda,2010,210.0
Uganda,2009,213.0
Uganda,2008,217.0
Uganda,2007,222.0
Uganda,2006,227.0
Uganda,2005,233.0
Uganda,2004,240.0
Uganda,2003,248.0
Uganda,2002,256.0
Uganda,2001,266.0
Uganda,2000,276.0
Ukraine,2024,86.0
Ukraine,2023,89.0
Ukraine,2022,87.0
Ukraine,2021,81.0
Ukraine,2020,75.0
Ukraine,2019,76.0
Ukraine,2018,82.0
Ukraine,2017,90.0
Ukraine,2016,99.0
Ukraine,2015,108.0
Ukraine,2014,115.0
Ukraine,2013,120.0
Ukraine,2012,127.0
Ukraine,2011,132.0
Ukraine,2010,136.0
Ukraine,2009,144.0
Ukraine,2008,162.0
Ukraine,2007,183.0
Ukraine,2006,197.0
Ukraine,2005,205.0
Ukraine,2004,211.0
Ukraine,2003,213.0
Ukraine,2002,210.0
Ukraine,2001,205.0
Ukraine,2000,193.0
United Arab Emirates,2024,0.63
United Arab Emirates,2023,0.76
United Arab Emirates,2022,0.77
United Arab Emirates,2021,0.82
United Arab Emirates,2020,0.85
United Arab Emirates,2019,1.2
United Arab Emirates,2018,1.2
United Arab Emirates,2017,1.0
United Arab Emirates,2016,1.0
United Arab Emirates,2015,1.0
United Arab Emirates,2014,1.1
United Arab Emirates,2013,1.6
United Arab Emirates,2012,1.7
United Arab Emirates,2011,2.4
United Arab Emirates,2010,3.2
United Arab Emirates,2009,3.0
United Arab Emirates,2008,2.6
United Arab Emirates,2007,3.1
United Arab Emirates,2006,3.3
United Arab Emirates,2005,4.1
United Arab Emirates,2004,4.0
United Arab Emirates,2003,5.7
United Arab Emirates,2002,4.9
United Arab Emirates,2001,4.6
United Arab Emirates,2000,8.1
United Kingdom,2024,9.7
United Kingdom,2023,8.6
United Kingdom,2022,7.8
United Kingdom,2021,7.9
United Kingdom,2020,7.0
United Kingdom,2019,8.1
United Kingdom,2018,8.0
United Kingdom,2017,8.9
United Kingdom,2016,9.9
United Kingdom,2015,10.0
United Kingdom,2014,11.0
United Kingdom,2013,13.0
United Kingdom,2012,15.0
United Kingdom,2011,15.0
United Kingdom,2010,14.0
United Kingdom,2009,15.0
United Kingdom,2008,15.0
United Kingdom,2007,15.0
United Kingdom,2006,15.0
United Kingdom,2005,15.0
United Kingdom,2004,13.0
United Kingdom,2003,13.0
United Kingdom,2002,13.0
United Kingdom,2001,11.0
United Kingdom,2000,12.0
Uruguay,2024,47.0
Uruguay,2023,45.0
Uruguay,2022,41.0
Uruguay,2021,34.0
Uruguay,2020,35.0
Uruguay,2019,38.0
Uruguay,2018,36.0
Uruguay,2017,34.0
Uruguay,2016,32.0
Uruguay,2015,33.0
Uruguay,2014,33.0
Uruguay,2013,34.0
Uruguay,2012,31.0
Uruguay,2011,32.0
Uruguay,2010,28.0
Uruguay,2009,29.0
Uruguay,2008,29.0
Uruguay,2007,26.0
Uruguay,2006,25.0
Uruguay,2005,28.0
Uruguay,2004,34.0
Uruguay,2003,31.0
Uruguay,2002,26.0
Uruguay,2001,34.0
Uruguay,2000,33.0
Uzbekistan,2024,51.0
Uzbekistan,2023,54.0
Uzbekistan,2022,57.0
Uzbekistan,2021,60.0
Uzbekistan,2020,63.0
Uzbekistan,2019,67.0
Uzbekistan,2018,70.0
Uzbekistan,2017,73.0
Uzbekistan,2016,76.0
Uzbekistan,2015,79.0
Uzbekistan,2014,81.0
Uzbekistan,2013,82.0
Uzbekistan,2012,87.0
Uzbekistan,2011,94.0
Uzbekistan,2010,103.0
Uzbekistan,2009,113.0
Uzbekistan,2008,127.0
Uzbekistan,2007,142.0
Uzbekistan,2006,153.0
Uzbekistan,2005,160.0
Uzbekistan,2004,165.0
Uzbekistan,2003,167.0
Uzbekistan,2002,166.0
Uzbekistan,2001,163.0
Uzbekistan,2000,156.0
Vanuatu,2024,44.0
Vanuatu,2023,45.0
Vanuatu,2022,46.0
Vanuatu,2021,48.0
Vanuatu,2020,52.0
Vanuatu,2019,56.0
Vanuatu,2018,61.0
Vanuatu,2017,67.0
Vanuatu,2016,75.0
Vanuatu,2015,82.0
Vanuatu,2014,89.0
Vanuatu,2013,97.0
Vanuatu,2012,104.0
Vanuatu,2011,110.0
Vanuatu,2010,116.0
Vanuatu,2009,122.0
Vanuatu,2008,127.0
Vanuatu,2007,132.0
Vanuatu,2006,143.0
Vanuatu,2005,162.0
Vanuatu,2004,185.0
Vanuatu,2003,214.0
Vanuatu,2002,248.0
Vanuatu,2001,286.0
Vanuatu,2000,331.0
"Venezuela, RB",2024,46.0
"Venezuela, RB",2023,47.0
"Venezuela, RB",2022,48.0
"Venezuela, RB",2021,48.0
"Venezuela, RB",2020,47.0
"Venezuela, RB",2019,48.0
"Venezuela, RB",2018,50.0
"Venezuela, RB",2017,47.0
"Venezuela, RB",2016,36.0
"Venezuela, RB",2015,31.0
"Venezuela, RB",2014,29.0
"Venezuela, RB",2013,30.0
"Venezuela, RB",2012,32.0
"Venezuela, RB",2011,32.0
"Venezuela, RB",2010,34.0
"Venezuela, RB",2009,36.0
"Venezuela, RB",2008,37.0
"Venezuela, RB",2007,39.0
"Venezuela, RB",2006,43.0
"Venezuela, RB",2005,46.0
"Venezuela, RB",2004,49.0
"Venezuela, RB",2003,52.0
"Venezuela, RB",2002,51.0
"Venezuela, RB",2001,56.0
"Venezuela, RB",2000,62.0
Viet Nam,2024,182.0
Viet Nam,2023,185.0
Viet Nam,2022,178.0
Viet Nam,2021,171.0
Viet Nam,2020,171.0
Viet Nam,2019,176.0
Viet Nam,2018,182.0
Viet Nam,2017,188.0
Viet Nam,2016,193.0
Viet Nam,2015,199.0
Viet Nam,2014,205.0
Viet Nam,2013,212.0
Viet Nam,2012,218.0
Viet Nam,2011,225.0
Viet Nam,2010,231.0
Viet Nam,2009,239.0
Viet Nam,2008,246.0
Viet Nam,2007,253.0
Viet Nam,2006,260.0
Viet Nam,2005,266.0
Viet Nam,2004,272.0
Viet Nam,2003,278.0
Viet Nam,2002,284.0
Viet Nam,2001,290.0
Viet Nam,2000,296.0
West Bank and Gaza,2024,0.29
West Bank and Gaza,2023,0.4
West Bank and Gaza,2022,0.57
West Bank and Gaza,2021,0.69
West Bank and Gaza,2020,0.74
West Bank and Gaza,2019,0.62
West Bank and Gaza,2018,0.91
West Bank and Gaza,2017,0.91
West Bank and Gaza,2016,1.2
West Bank and Gaza,2015,1.4
West Bank and Gaza,2014,1.5
West Bank and Gaza,2013,1.4
West Bank and Gaza,2012,1.2
West Bank and Gaza,2011,1.3
West Bank and Gaza,2010,1.3
West Bank and Gaza,2009,1.5
West Bank and Gaza,2008,1.8
West Bank and Gaza,2007,1.6
West Bank and Gaza,2006,2.1
West Bank and Gaza,2005,1.5
West Bank and Gaza,2004,1.3
West Bank and Gaza,2003,2.1
West Bank and Gaza,2002,3.2
West Bank and Gaza,2001,4.3
West Bank and Gaza,2000,5.6
"Yemen, Rep.",2024,40.0
"Yemen, Rep.",2023,38.0
"Yemen, Rep.",2022,36.0
"Yemen, Rep.",2021,34.0
"Yemen, Rep.",2020,33.0
"Yemen, Rep.",2019,39.0
"Yemen, Rep.",2018,39.0
"Yemen, Rep.",2017,40.0
"Yemen, Rep.",2016,40.0
"Yemen, Rep.",2015,33.0
"Yemen, Rep.",2014,43.0
"Yemen, Rep.",2013,48.0
"Yemen, Rep.",2012,47.0
"Yemen, Rep.",2011,42.0
"Yemen, Rep.",2010,45.0
"Yemen, Rep.",2009,45.0
"Yemen, Rep.",2008,45.0
"Yemen, Rep.",2007,47.0
"Yemen, Rep.",2006,49.0
"Yemen, Rep.",2005,54.0
"Yemen, Rep.",2004,61.0
"Yemen, Rep.",2003,66.0
"Yemen, Rep.",2002,76.0
"Yemen, Rep.",2001,87.0
"Yemen, Rep.",2000,94.0
Zambia,2024,272.0
Zambia,2023,283.0
Zambia,2022,295.0
Zambia,2021,307.0
Zambia,2020,319.0
Zambia,2019,333.0
Zambia,2018,346.0
Zambia,2017,361.0
Zambia,2016,376.0
Zambia,2015,391.0
Zambia,2014,406.0
Zambia,2013,437.0
Zambia,2012,456.0
Zambia,2011,475.0
Zambia,2010,495.0
Zambia,2009,514.0
Zambia,2008,534.0
Zambia,2007,554.0
Zambia,2006,577.0
Zambia,2005,602.0
Zambia,2004,631.0
Zambia,2003,662.0
Zambia,2002,695.0
Zambia,2001,728.0
Zambia,2000,759.0
Zimbabwe,2024,203.0
Zimbabwe,2023,209.0
Zimbabwe,2022,209.0
Zimbabwe,2021,198.0
Zimbabwe,2020,189.0
Zimbabwe,2019,199.0
Zimbabwe,2018,210.0
Zimbabwe,2017,221.0
Zimbabwe,2016,233.0
Zimbabwe,2015,242.0
Zimbabwe,2014,278.0
Zimbabwe,2013,304.0
Zimbabwe,2012,355.0
Zimbabwe,2011,384.0
Zimbabwe,2010,416.0
Zimbabwe,2009,450.0
Zimbabwe,2008,487.0
Zimbabwe,2007,527.0
Zimbabwe,2006,561.0
Zimbabwe,2005,588.0
Zimbabwe,2004,607.0
Zimbabwe,2003,617.0
Zimbabwe,2002,617.0
Zimbabwe,2001,617.0
Zimbabwe,2000,605.0
